Id,Label,eigencentrality,modularity_class,kasus,sumber_data
0,teluk,0.133127,3,change,web_petisi
1,tolak,0.152294,21,change,web_petisi
2,reklamasi,0.318671,3,change,web_petisi
3,alam,0.402001,1,change,web_petisi
4,bali,1,0,change,web_petisi
5,orang,0.123996,0,change,web_petisi
6,pulau,0.154289,0,change,web_petisi
7,anak,0.089561,4,change,web_petisi
8,masyarakat,0.159889,1,change,web_petisi
9,love,0.068399,0,change,web_petisi
10,rusak,0.267298,1,change,web_petisi
11,cinta,0.147879,0,change,web_petisi
12,rakyat,0.097517,8,change,web_petisi
13,tanah,0.103694,11,change,web_petisi
14,warga,0.069309,0,change,web_petisi
15,biarkan,0.1083,0,change,web_petisi
16,budaya,0.161691,1,change,web_petisi
17,kelestarian,0.146847,1,change,web_petisi
18,tri,0.002434,2,change,web_petisi
19,hita,0.001766,2,change,web_petisi
20,kawasan,0.094017,3,change,web_petisi
21,setuju,0.103653,3,change,web_petisi
22,menandatangani,0.110743,21,change,web_petisi
23,perpres,0.00808,18,change,web_petisi
24,keindahan,0.126564,1,change,web_petisi
25,lingkungan,0.215698,5,change,web_petisi
26,benoa,0.187612,3,change,web_petisi
27,keseimbangan,0.06828,1,change,web_petisi
28,save,0.077639,0,change,web_petisi
29,pariwisata,0.064784,0,change,web_petisi
30,tanjung,0.032366,3,change,web_petisi
31,investor,0.129935,8,change,web_petisi
32,rencana,0.027766,3,change,web_petisi
33,fiftyone,0.002309,18,change,web_petisi
34,mencintai,0.108358,1,change,web_petisi
35,gubernur,0.065316,18,change,web_petisi
36,selamatkan,0.129823,0,change,web_petisi
37,berkedok,0.022721,3,change,web_petisi
38,peduli,0.136904,1,change,web_petisi
39,indonesia,0.224715,1,change,web_petisi
40,menjaga,0.154418,1,change,web_petisi
41,balinese,0.075436,6,change,web_petisi
42,kekayaan,0.02511,1,change,web_petisi
43,penolakan,0.026816,3,change,web_petisi
44,beautiful,0.091975,6,change,web_petisi
45,segelintir,0.01769,0,change,web_petisi
46,biota,0.007794,1,change,web_petisi
47,dampak,0.116398,5,change,web_petisi
48,karna,0.101122,0,change,web_petisi
49,maya,0.08051,0,change,web_petisi
50,butuh,0.1083,3,change,web_petisi
51,kelangsungan,0.008471,5,change,web_petisi
52,adat,0.100698,1,change,web_petisi
53,asli,0.068472,0,change,web_petisi
54,ekosistem,0.062177,1,change,web_petisi
55,perairan,0.039185,3,change,web_petisi
56,cabut,0.016036,18,change,web_petisi
57,keras,0.029841,21,change,web_petisi
58,pembangunan,0.111238,0,change,web_petisi
59,sk,0.027325,18,change,web_petisi
60,batalkan,0.033912,18,change,web_petisi
61,dukung,0.101382,21,change,web_petisi
62,harga,0.001261,5,change,web_petisi
63,people,0.088114,6,change,web_petisi
64,tinggal,0.072824,0,change,web_petisi
65,revitalisasi,0.030798,3,change,web_petisi
66,negara,0.019062,1,change,web_petisi
67,akibat,0.020251,3,change,web_petisi
68,kerusakan,0.040591,5,change,web_petisi
69,mangku,0.063852,36,change,web_petisi
70,sayang,0.08805,0,change,web_petisi
71,tangan,0.097491,8,change,web_petisi
72,ajeg,0.06294,0,change,web_petisi
73,daerah,0.080679,0,change,web_petisi
74,generasi,0.035286,5,change,web_petisi
75,kepentingan,0.136798,8,change,web_petisi
76,lahir,0.071411,0,change,web_petisi
77,local,0.005846,6,change,web_petisi
78,manusia,0.124374,1,change,web_petisi
79,menguntungkan,0.091396,8,change,web_petisi
80,pantai,0.105268,3,change,web_petisi
81,penguasa,0.074361,8,change,web_petisi
82,care,0.06294,0,change,web_petisi
83,destroy,0.080906,6,change,web_petisi
84,kearifan,0.004824,1,change,web_petisi
85,natural,0.072906,0,change,web_petisi
86,nenek,7.5e-4,37,change,web_petisi
87,pemerataan,0.007064,0,change,web_petisi
88,cucu,0.011279,4,change,web_petisi
89,hidup,0.130695,5,change,web_petisi
90,mata,0.00152,38,change,web_petisi
91,mengurug,0.008747,1,change,web_petisi
92,nature,0.085669,6,change,web_petisi
93,terima,7.5e-4,39,change,web_petisi
94,terumbu,7.5e-4,40,change,web_petisi
95,air,0.015243,11,change,web_petisi
96,berdampak,0.036964,5,change,web_petisi
97,bumi,0.126953,0,change,web_petisi
98,culture,0.101638,6,change,web_petisi
99,indah,0.126014,0,change,web_petisi
100,konsep,0.001005,2,change,web_petisi
101,proyek,0.021056,3,change,web_petisi
102,warisan,0.089437,11,change,web_petisi
103,wilayah,0.086203,0,change,web_petisi
104,bangsa,0.020619,1,change,web_petisi
105,ciptaan,0.002156,1,change,web_petisi
106,dirusak,0.134375,0,change,web_petisi
107,hati,7.5e-4,41,change,web_petisi
108,konservasi,0.058418,3,change,web_petisi
109,lapangan,0.002311,42,change,web_petisi
110,leave,0.06294,0,change,web_petisi
111,menghancurkan,0.1083,0,change,web_petisi
112,sosial,0.034083,1,change,web_petisi
113,stop,0.086553,0,change,web_petisi
114,bawa,0.007617,5,change,web_petisi
115,development,0.0692,6,change,web_petisi
116,eksploitasi,0.030714,1,change,web_petisi
117,future,0.063852,0,change,web_petisi
118,gerakan,0.069505,21,change,web_petisi
119,hasil,0.020251,3,change,web_petisi
120,pesisir,0.069558,3,change,web_petisi
121,telok,0.032366,3,change,web_petisi
122,wisata,0.098084,1,change,web_petisi
123,abrasi,0.009561,3,change,web_petisi
124,buruk,0.023804,5,change,web_petisi
125,ciri,0.004256,12,change,web_petisi
126,eco,7.5e-4,43,change,web_petisi
127,hancurkan,0.06294,0,change,web_petisi
128,jadikan,0.06294,0,change,web_petisi
129,keaslian,0.10426,1,change,web_petisi
130,kehidupan,0.042953,1,change,web_petisi
131,laut,0.122305,1,change,web_petisi
132,lestarikan,0.02511,1,change,web_petisi
133,menanda,0.001092,8,change,web_petisi
134,mereklamasi,0.008564,3,change,web_petisi
135,milik,0.132841,0,change,web_petisi
136,nak,0.06294,0,change,web_petisi
137,propinsi,0.075056,0,change,web_petisi
138,registered,7.5e-4,15,change,web_petisi
139,suara,0.006394,8,change,web_petisi
140,tanda,0.007351,8,change,web_petisi
141,bencana,0.02511,1,change,web_petisi
142,daya,0.008129,21,change,web_petisi
143,dprd,0.06294,0,change,web_petisi
144,island,0.086857,6,change,web_petisi
145,keserakahan,0.00796,1,change,web_petisi
146,melestarikan,0.047869,1,change,web_petisi
147,melindungi,0.02511,1,change,web_petisi
148,membangun,0.06294,0,change,web_petisi
149,mencabut,0.003921,18,change,web_petisi
150,oknum,0,7,change,web_petisi
151,pelestarian,0.038431,5,change,web_petisi
152,presiden,0.013655,1,change,web_petisi
153,reclamation,0.018963,6,change,web_petisi
154,rela,0.06294,0,change,web_petisi
155,selat,0.008564,3,change,web_petisi
156,selatan,0.069795,0,change,web_petisi
157,tangani,0.004208,8,change,web_petisi
158,umat,0.008734,1,change,web_petisi
159,alasan,0.07347,21,change,web_petisi
160,aspirasi,0.006394,8,change,web_petisi
161,coming,0.06294,0,change,web_petisi
162,hotel,0.064784,9,change,web_petisi
163,hutan,7.5e-4,10,change,web_petisi
164,jaga,0.076293,0,change,web_petisi
165,kelahiran,0.085804,11,change,web_petisi
166,kembalikan,0.06294,0,change,web_petisi
167,kerakusan,0.079105,8,change,web_petisi
168,kesejahteraan,0.006394,8,change,web_petisi
169,khas,0.063852,12,change,web_petisi
170,lahan,7.5e-4,13,change,web_petisi
171,lindungi,0.02511,1,change,web_petisi
172,lokal,0.073764,1,change,web_petisi
173,mega,0.001902,3,change,web_petisi
174,membatalkan,0.001545,18,change,web_petisi
175,menghilangkan,8.72e-4,38,change,web_petisi
176,menikmati,0.066701,4,change,web_petisi
177,pengusaha,0.007024,8,change,web_petisi
178,penuh,0.075164,0,change,web_petisi
179,perusakan,0.02511,1,change,web_petisi
180,ruin,0.06294,0,change,web_petisi
181,sekelompok,0.016766,0,change,web_petisi
182,south,0.06294,0,change,web_petisi
183,studi,7.5e-4,14,change,web_petisi
184,trademark,7.5e-4,15,change,web_petisi
185,undang,0,16,change,web_petisi
186,visit,0.06294,0,change,web_petisi
187,ajaran,0.001005,2,change,web_petisi
188,beauty,0.073273,0,change,web_petisi
189,buatan,0.01745,0,change,web_petisi
190,corporate,7.5e-4,17,change,web_petisi
191,dijaga,0.102385,0,change,web_petisi
192,diteluk,0.012116,3,change,web_petisi
193,dont,0.06294,0,change,web_petisi
194,environment,0.079458,0,change,web_petisi
195,fortyfive,0.002309,18,change,web_petisi
196,gedung,7.5e-4,19,change,web_petisi
197,keasrian,0.02511,1,change,web_petisi
198,kebudayaan,0.06294,0,change,web_petisi
199,kenal,0.080788,0,change,web_petisi
200,keuntungan,0.002528,0,change,web_petisi
201,kuta,0.004708,0,change,web_petisi
202,live,0.06294,0,change,web_petisi
203,lived,0.06294,0,change,web_petisi
204,mari,0.067866,0,change,web_petisi
205,mass,7.5e-4,20,change,web_petisi
206,menjual,0.06294,0,change,web_petisi
207,merugikan,0.062308,1,change,web_petisi
208,pemerintah,0.06294,0,change,web_petisi
209,pemimpin,0.06294,0,change,web_petisi
210,petisi,0.026772,21,change,web_petisi
211,rumah,0.079151,1,change,web_petisi
212,saudara,0.06294,0,change,web_petisi
213,semena,7.5e-4,22,change,web_petisi
214,signing,0.063974,31,change,web_petisi
215,timur,0.06294,0,change,web_petisi
216,titipan,0.00601,4,change,web_petisi
217,unique,0.06959,6,change,web_petisi
218,wajib,0.072379,0,change,web_petisi
219,waste,7.5e-4,23,change,web_petisi
220,badai,7.5e-4,24,change,web_petisi
221,bidang,0.004384,0,change,web_petisi
222,campur,0.006259,8,change,web_petisi
223,flora,7.5e-4,25,change,web_petisi
224,greedy,0.005846,6,change,web_petisi
225,hancur,0.069255,0,change,web_petisi
226,hotels,0.063852,0,change,web_petisi
227,indahnya,0.029591,4,change,web_petisi
228,industri,0.004384,0,change,web_petisi
229,international,0.063852,0,change,web_petisi
230,istiadat,0.016435,1,change,web_petisi
231,jakarta,0.06294,0,change,web_petisi
232,jatuh,0.009124,0,change,web_petisi
233,joko,7.5e-4,26,change,web_petisi
234,jual,0.06294,0,change,web_petisi
235,kasihan,0.00601,4,change,web_petisi
236,kawan,0,27,change,web_petisi
237,keadilan,0.002649,1,change,web_petisi
238,kegiatan,0.020251,3,change,web_petisi
239,kehancuran,0.06294,0,change,web_petisi
240,mahluk,0.008471,5,change,web_petisi
241,makhluk,0.008471,5,change,web_petisi
242,masuk,7.5e-4,28,change,web_petisi
243,memikirkan,0.007617,5,change,web_petisi
244,menambah,9.95e-4,42,change,web_petisi
245,mencari,9.23e-4,0,change,web_petisi
246,menguruk,0.007794,1,change,web_petisi
247,menjadikan,0.06294,0,change,web_petisi
248,menyebabkan,0.024566,3,change,web_petisi
249,menyelamatkan,0.06294,0,change,web_petisi
250,nelayan,7.5e-4,29,change,web_petisi
251,onehundred,0.00959,21,change,web_petisi
252,pecinta,0.02511,1,change,web_petisi
253,pelaut,0.003133,1,change,web_petisi
254,penduduk,0.004558,0,change,web_petisi
255,perkotaan,0.007058,3,change,web_petisi
256,permit,0.013957,6,change,web_petisi
257,perusak,0.02511,1,change,web_petisi
258,preserve,0.00665,6,change,web_petisi
259,pro,0.006394,8,change,web_petisi
260,protect,0.06294,0,change,web_petisi
261,pt,0.001034,34,change,web_petisi
262,ruang,0.007256,3,change,web_petisi
263,salah,0.076003,0,change,web_petisi
264,sang,7.5e-4,30,change,web_petisi
265,semeton,0.06294,0,change,web_petisi
266,sign,0.001034,31,change,web_petisi
267,suka,0.06294,0,change,web_petisi
268,sumber,0.00128,21,change,web_petisi
269,taksu,0.06294,0,change,web_petisi
270,tata,0.003471,3,change,web_petisi
271,teman,0,32,change,web_petisi
272,terkena,0.007617,5,change,web_petisi
273,tikus,7.5e-4,33,change,web_petisi
274,tirta,0.005033,34,change,web_petisi
275,titik,7.5e-4,35,change,web_petisi
276,tolong,0.079151,0,change,web_petisi
277,tourists,0.06294,0,change,web_petisi
278,utara,0.06294,0,change,web_petisi
279,visited,0.06294,0,change,web_petisi
280,wahana,0.063974,34,change,web_petisi
281,waters,0.012116,3,change,web_petisi
282,karana,8.92e-4,2,change,web_petisi
283,rakus,0.022411,8,change,web_petisi
284,dewata,0.00949,0,change,web_petisi
285,twothousandandfourteen,0.00093000000000000005,18,change,web_petisi
286,sale,0.06294,0,change,web_petisi
287,suci,0.006287,3,change,web_petisi
288,lestari,0.06294,0,change,web_petisi
289,negatif,0.010483,5,change,web_petisi
290,home,0.068399,0,change,web_petisi
291,mati,0.009247,5,change,web_petisi
292,asri,0.06294,0,change,web_petisi
293,dikenal,0.06294,0,change,web_petisi
294,tenggelam,0.06294,0,change,web_petisi
295,alami,0.095863,0,change,web_petisi
296,maritim,0.00181,1,change,web_petisi
297,budayanya,0.02511,1,change,web_petisi
298,pastika,0.004256,36,change,web_petisi
299,penerus,0.002792,5,change,web_petisi
300,pribadi,0.008652,8,change,web_petisi
301,serangan,0.029741,0,change,web_petisi
302,asing,0.01632,8,change,web_petisi
303,alamnya,0.017848,1,change,web_petisi
304,moyang,7.5e-4,37,change,web_petisi
305,leluhur,0.012337,11,change,web_petisi
306,kelak,0.001431,4,change,web_petisi
307,bisnis,0.008652,8,change,web_petisi
308,pencaharian,8.72e-4,38,change,web_petisi
309,kasih,7.5e-4,39,change,web_petisi
310,karang,7.5e-4,40,change,web_petisi
311,kota,0.06294,0,change,web_petisi
312,direklamasi,0.075056,3,change,web_petisi
313,tuhan,0.025926,1,change,web_petisi
314,nurani,7.5e-4,41,change,web_petisi
315,pekerjaan,9.95e-4,42,change,web_petisi
316,developed,0.06294,0,change,web_petisi
317,stay,0.06294,0,change,web_petisi
318,gulf,0.012116,3,change,web_petisi
319,generations,0.004256,0,change,web_petisi
320,dijual,0.06294,0,change,web_petisi
321,pertiwi,0.007772,0,change,web_petisi
322,system,7.5e-4,43,change,web_petisi
323,solusi,0.020251,3,change,web_petisi
324,cintai,0.06294,0,change,web_petisi
325,doesn,0.06294,0,change,web_petisi
326,kedepannya,0.06294,0,change,web_petisi
327,kehilangan,0.06294,0,change,web_petisi
328,maju,0.06294,0,change,web_petisi
329,semoga,0.06294,0,change,web_petisi
330,tercinta,0.06294,0,change,web_petisi
331,terjaga,0.08805,0,change,web_petisi
332,tarik,0.00128,21,change,web_petisi
333,muda,0.002792,5,change,web_petisi
334,hindu,0.001228,1,change,web_petisi
335,istiadatnya,0.006401,1,change,web_petisi
336,apapun,0.004815,21,change,web_petisi
337,negeri,0.00601,4,change,web_petisi
338,aman,0.06294,0,change,web_petisi
339,dihancurkan,0.06294,0,change,web_petisi
340,membutuhkan,0.06294,0,change,web_petisi
341,bakau,7.5e-4,10,change,web_petisi
342,hijau,7.5e-4,13,change,web_petisi
343,bertanggung,0.008115,0,change,web_petisi
344,serakah,0.008115,0,change,web_petisi
345,sesak,0.004975,0,change,web_petisi
346,tatanan,0.016211,1,change,web_petisi
347,kelayakan,7.5e-4,14,change,web_petisi
348,hujan,0.001627,11,change,web_petisi
349,semesta,0.02511,1,change,web_petisi
350,aset,0.06294,0,change,web_petisi
351,belongs,0.06294,0,change,web_petisi
352,berubah,0.06294,0,change,web_petisi
353,beserta,0.06294,0,change,web_petisi
354,memiliki,0.06294,0,change,web_petisi
355,pertahankan,0.06294,0,change,web_petisi
356,surga,0.06294,0,change,web_petisi
357,uang,0.06294,0,change,web_petisi
358,greed,7.5e-4,17,change,web_petisi
359,positif,0.007617,5,change,web_petisi
360,project,0.004598,6,change,web_petisi
361,dilestarikan,0.006415,0,change,web_petisi
362,twothousandandeleven,0.00093000000000000005,18,change,web_petisi
363,bertingkat,7.5e-4,19,change,web_petisi
364,villa,0.004384,9,change,web_petisi
365,tourism,7.5e-4,20,change,web_petisi
366,daughter,0.005459,0,change,web_petisi
367,habitat,0.016211,1,change,web_petisi
368,earth,0.0051,0,change,web_petisi
369,padat,0.004708,0,change,web_petisi
370,mena,7.5e-4,22,change,web_petisi
371,destroying,0.005605,0,change,web_petisi
372,dibohongi,0.00959,21,change,web_petisi
373,management,7.5e-4,23,change,web_petisi
374,parah,0.00134,3,change,web_petisi
375,murka,0.02511,1,change,web_petisi
376,katrina,7.5e-4,24,change,web_petisi
377,anymore,0.06294,0,change,web_petisi
378,bagus,0.06294,0,change,web_petisi
379,berjuang,0.06294,0,change,web_petisi
380,dieksploitasi,0.06294,0,change,web_petisi
381,hate,0.06294,0,change,web_petisi
382,mempertahankan,0.06294,0,change,web_petisi
383,ruined,0.06294,0,change,web_petisi
384,special,0.06294,0,change,web_petisi
385,tetaplah,0.06294,0,change,web_petisi
386,times,0.06294,0,change,web_petisi
387,tujuan,0.06294,0,change,web_petisi
388,sesuai,0.012116,3,change,web_petisi
389,tradisi,0.010034,1,change,web_petisi
390,fauna,7.5e-4,25,change,web_petisi
391,berdampingan,0.008471,5,change,web_petisi
392,mewah,0.004384,9,change,web_petisi
393,villas,0.004256,0,change,web_petisi
394,twbi,0.004256,0,change,web_petisi
395,widodo,7.5e-4,26,change,web_petisi
396,kerja,9.95e-4,42,change,web_petisi
397,akal,7.5e-4,28,change,web_petisi
398,country,0.005459,0,change,web_petisi
399,wife,0.005459,0,change,web_petisi
400,menggantungkan,7.5e-4,29,change,web_petisi
401,kaya,0.008115,0,change,web_petisi
402,merata,0.007064,0,change,web_petisi
403,sarbagita,0.001149,3,change,web_petisi
404,merubah,0.020251,3,change,web_petisi
405,satunya,0.00497,0,change,web_petisi
406,pencipta,7.5e-4,30,change,web_petisi
407,petition,0.005033,31,change,web_petisi
408,berdasi,7.5e-4,33,change,web_petisi
409,darah,7.5e-4,35,change,web_petisi
0,transportasi,0.952644,0,gojek,web_petisi
1,ojek,0.448126,1,gojek,web_petisi
2,gojek,1,3,gojek,web_petisi
3,angkutan,0.3529,0,gojek,web_petisi
4,memilih,0.382178,0,gojek,web_petisi
5,online,0.766791,2,gojek,web_petisi
6,aman,0.404726,8,gojek,web_petisi
7,bebas,0.155215,0,gojek,web_petisi
8,berbasis,0.149483,2,gojek,web_petisi
9,taksi,0.203609,2,gojek,web_petisi
10,lapangan,0.087712,9,gojek,web_petisi
11,supir,0.084762,4,gojek,web_petisi
12,nyaman,0.454609,8,gojek,web_petisi
13,bantu,0.429493,3,gojek,web_petisi
14,jasa,0.201033,0,gojek,web_petisi
15,kemajuan,0.073609,6,gojek,web_petisi
16,menandatangani,0.198558,3,gojek,web_petisi
17,taxi,0.091173,2,gojek,web_petisi
18,ugal,0.051495,1,gojek,web_petisi
19,permenhub,0.004163,6,gojek,web_petisi
20,driver,0.225992,3,gojek,web_petisi
21,kota,0.34207,4,gojek,web_petisi
22,alat,0.100222,0,gojek,web_petisi
23,berhak,0.191677,0,gojek,web_petisi
24,moda,0.117126,0,gojek,web_petisi
25,butuh,0.25766,3,gojek,web_petisi
26,dukung,0.224264,3,gojek,web_petisi
27,hak,0.250728,0,gojek,web_petisi
28,keberadaan,0.256824,3,gojek,web_petisi
29,setuju,0.272188,3,gojek,web_petisi
30,masyarakat,0.726413,4,gojek,web_petisi
31,mata,0.006628,5,gojek,web_petisi
32,kebebasan,0.074653,0,gojek,web_petisi
33,layanan,0.281327,3,gojek,web_petisi
34,pengguna,0.273237,0,gojek,web_petisi
35,perkembangan,0.015745,6,gojek,web_petisi
36,sarana,0.081035,0,gojek,web_petisi
37,jawa,0.069975,4,gojek,web_petisi
38,kebutuhan,0.109202,4,gojek,web_petisi
39,pakai,0.170464,1,gojek,web_petisi
40,pm,0.004163,6,gojek,web_petisi
41,terbantu,0.351199,3,gojek,web_petisi
42,warga,0.299282,4,gojek,web_petisi
43,angkot,0.448493,1,gojek,web_petisi
44,indonesia,0.168585,6,gojek,web_petisi
45,kendaraan,0.231682,2,gojek,web_petisi
46,membutuhkan,0.255869,4,gojek,web_petisi
47,tolak,0.013113,6,gojek,web_petisi
48,beli,0.059645,9,gojek,web_petisi
49,bersaing,0.00196,14,gojek,web_petisi
50,cepat,0.250162,8,gojek,web_petisi
51,harga,0.199019,8,gojek,web_petisi
52,jalan,0.16914,4,gojek,web_petisi
53,kenyamanan,0.112291,8,gojek,web_petisi
54,mengikuti,0.013439,6,gojek,web_petisi
55,murah,0.314953,8,gojek,web_petisi
56,negara,0.011228,6,gojek,web_petisi
57,angka,0.004201,5,gojek,web_petisi
58,dibutuhkan,0.168013,4,gojek,web_petisi
59,kehadiran,0.11418,3,gojek,web_petisi
60,membuka,0.007792,9,gojek,web_petisi
61,mencari,0.096619,9,gojek,web_petisi
62,merugikan,0.092634,4,gojek,web_petisi
63,undang,0,7,gojek,web_petisi
64,anak,0.009299,15,gojek,web_petisi
65,aplikasi,0.12965,2,gojek,web_petisi
66,bidang,0.071492,0,gojek,web_petisi
67,efektif,0.011753,8,gojek,web_petisi
68,industri,0.001234,14,gojek,web_petisi
69,karna,0.129941,2,gojek,web_petisi
70,karya,0.069156,15,gojek,web_petisi
71,keamanan,0.008179,8,gojek,web_petisi
72,kemudahan,0.234998,3,gojek,web_petisi
73,konsumen,0.130307,0,gojek,web_petisi
74,masuk,0.004704,10,gojek,web_petisi
75,melarang,0.1422,10,gojek,web_petisi
76,mempermudah,0.21726,3,gojek,web_petisi
77,memudahkan,0.300083,3,gojek,web_petisi
78,mengurangi,0.004937,5,gojek,web_petisi
79,mobil,0.0139,2,gojek,web_petisi
80,mode,0.089536,0,gojek,web_petisi
81,ngetem,0.042222,1,gojek,web_petisi
82,oknum,0.007507,4,gojek,web_petisi
83,pangkalan,0.030036,1,gojek,web_petisi
84,pencabutan,0.067294,3,gojek,web_petisi
85,pesan,0.058576,9,gojek,web_petisi
86,pilihan,0.064706,0,gojek,web_petisi
87,pro,0.00657,6,gojek,web_petisi
88,rakyat,0.085965,6,gojek,web_petisi
89,rezeki,0.055182,10,gojek,web_petisi
90,semoga,0.07856,10,gojek,web_petisi
91,sesuai,0.099444,8,gojek,web_petisi
92,solusi,0.190405,9,gojek,web_petisi
93,suka,0.039534,1,gojek,web_petisi
94,surakarta,0.04045,4,gojek,web_petisi
95,tangani,0.013988,3,gojek,web_petisi
96,terima,0.00103,16,gojek,web_petisi
97,transport,0.060069,2,gojek,web_petisi
98,asasi,0.017837,0,gojek,web_petisi
99,bandung,0.093295,4,gojek,web_petisi
100,bawa,0.015732,2,gojek,web_petisi
101,bus,0.033256,1,gojek,web_petisi
102,dibanding,0.032503,0,gojek,web_petisi
103,era,0.003396,1,gojek,web_petisi
104,fasilitas,0.093191,3,gojek,web_petisi
105,grab,0.068377,3,gojek,web_petisi
106,hadirnya,0.067294,3,gojek,web_petisi
107,kehidupan,0.082784,4,gojek,web_petisi
108,kepentingan,0.00657,6,gojek,web_petisi
109,mahkamah,8.5e-4,17,gojek,web_petisi
110,maju,0.153279,6,gojek,web_petisi
111,manfaat,0.182896,2,gojek,web_petisi
112,melayani,0.048757,4,gojek,web_petisi
113,memenuhi,0.008643,4,gojek,web_petisi
114,memiliki,0.03172,0,gojek,web_petisi
115,menambah,0.011182,5,gojek,web_petisi
116,mengambil,0.001232,28,gojek,web_petisi
117,mengeluarkan,0.004362,10,gojek,web_petisi
118,menurunkan,0.007268,4,gojek,web_petisi
119,mudah,0.284189,3,gojek,web_petisi
120,nafkah,0.012148,9,gojek,web_petisi
121,orang,0.226305,10,gojek,web_petisi
122,pemberi,0.013495,0,gojek,web_petisi
123,pemerintah,0.152174,10,gojek,web_petisi
124,pencaharian,0.050207,5,gojek,web_petisi
125,penumpang,0.086186,4,gojek,web_petisi
126,penyedia,0.013495,0,gojek,web_petisi
127,perbaiki,0.004815,0,gojek,web_petisi
128,perekonomian,0.100507,4,gojek,web_petisi
129,permen,0.002006,6,gojek,web_petisi
130,public,0.004331,2,gojek,web_petisi
131,salah,0.154842,2,gojek,web_petisi
132,salam,8.5e-4,18,gojek,web_petisi
133,save,0.067294,3,gojek,web_petisi
134,sisi,0.057998,8,gojek,web_petisi
135,smart,0.007603,4,gojek,web_petisi
136,solo,0.279527,4,gojek,web_petisi
137,stasiun,0.001088,2,gojek,web_petisi
138,suara,0.049776,4,gojek,web_petisi
139,tanda,0.001871,3,gojek,web_petisi
140,tarif,0.09723,8,gojek,web_petisi
141,tasik,0.170457,4,gojek,web_petisi
142,tasikmalaya,0.205158,4,gojek,web_petisi
143,tawar,0.001768,8,gojek,web_petisi
144,teknologi,0.099299,6,gojek,web_petisi
145,tolong,0.001739,19,gojek,web_petisi
146,tranportasi,0.077858,2,gojek,web_petisi
147,tukang,0.061117,1,gojek,web_petisi
148,aktifitas,0.019789,4,gojek,web_petisi
149,alasan,0.031081,1,gojek,web_petisi
150,allah,0.006689,10,gojek,web_petisi
151,aplikator,0.0042,10,gojek,web_petisi
152,aspirasi,0.048757,4,gojek,web_petisi
153,aturan,0.013956,10,gojek,web_petisi
154,bebaskan,0.025896,0,gojek,web_petisi
155,becak,8.5e-4,20,gojek,web_petisi
156,benahi,0.031081,1,gojek,web_petisi
157,berbadan,0.001665,6,gojek,web_petisi
158,berguna,0.116051,3,gojek,web_petisi
159,berkembang,0.046038,6,gojek,web_petisi
160,bermanfaat,0.120522,3,gojek,web_petisi
161,beroperasi,0.067294,3,gojek,web_petisi
162,berterima,0.00103,16,gojek,web_petisi
163,biaya,0.001304,15,gojek,web_petisi
164,bicara,0.00657,6,gojek,web_petisi
165,bupati,0.001739,11,gojek,web_petisi
166,butir,0.005084,3,gojek,web_petisi
167,caci,8.5e-4,21,gojek,web_petisi
168,calon,8.5e-4,22,gojek,web_petisi
169,cari,0.038083,9,gojek,web_petisi
170,cepet,0.018914,3,gojek,web_petisi
171,cetek,8.5e-4,23,gojek,web_petisi
172,daerah,0.042483,10,gojek,web_petisi
173,daftar,0.014025,2,gojek,web_petisi
174,dengar,0.003914,4,gojek,web_petisi
175,dianggap,8.5e-4,24,gojek,web_petisi
176,dilarang,0.065243,2,gojek,web_petisi
177,dilindas,0.003098,6,gojek,web_petisi
178,dimana,0.079838,1,gojek,web_petisi
179,ditinggalkan,8.5e-4,25,gojek,web_petisi
180,drivernya,0.007765,8,gojek,web_petisi
181,efisien,0.175428,8,gojek,web_petisi
182,gaada,0.031081,1,gojek,web_petisi
183,hapus,0.035096,1,gojek,web_petisi
184,harap,0.00103,11,gojek,web_petisi
185,hidup,0.068377,3,gojek,web_petisi
186,hukum,0.012656,6,gojek,web_petisi
187,ill,8.5e-4,26,gojek,web_petisi
188,inovasi,0.001234,14,gojek,web_petisi
189,inovasigojek,0,12,gojek,web_petisi
190,inovatif,0.002286,14,gojek,web_petisi
191,jalur,0.023832,0,gojek,web_petisi
192,jaman,0.023545,6,gojek,web_petisi
193,jemput,0.005844,10,gojek,web_petisi
194,kadang,0.054913,1,gojek,web_petisi
195,kelakuan,0.001388,4,gojek,web_petisi
196,keputusan,0.002851,28,gojek,web_petisi
197,kerja,0.090683,9,gojek,web_petisi
198,konvensional,0.228163,0,gojek,web_petisi
199,kreatif,0.002871,14,gojek,web_petisi
200,kualitas,0.064706,0,gojek,web_petisi
201,kuliah,0.015482,4,gojek,web_petisi
202,line,0.099025,0,gojek,web_petisi
203,macet,0.004013,1,gojek,web_petisi
204,main,0.002279,4,gojek,web_petisi
205,makan,0.087482,9,gojek,web_petisi
206,memaksa,0.009198,0,gojek,web_petisi
207,memaksakan,8.5e-4,27,gojek,web_petisi
208,membahayakan,0.018227,0,gojek,web_petisi
209,membatasi,0.004815,0,gojek,web_petisi
210,memutus,0.005296,10,gojek,web_petisi
211,menaikan,0.001348,4,gojek,web_petisi
212,menanda,0.001871,3,gojek,web_petisi
213,menawar,0.014494,8,gojek,web_petisi
214,menciptakan,0.006903,9,gojek,web_petisi
215,mendatangani,0.012144,3,gojek,web_petisi
216,menerima,0.014327,6,gojek,web_petisi
217,menghalangi,0.006275,6,gojek,web_petisi
218,menghidupi,0.001101,9,gojek,web_petisi
219,menteri,0.002105,28,gojek,web_petisi
220,menutup,8.5e-4,29,gojek,web_petisi
221,menyetujui,0.023832,0,gojek,web_petisi
222,menyulitkan,0.048757,4,gojek,web_petisi
223,merubah,0.00103,13,gojek,web_petisi
224,mobilitas,0.077452,3,gojek,web_petisi
225,mobilnya,0.006619,4,gojek,web_petisi
226,modal,0.002227,10,gojek,web_petisi
227,modern,0.036484,1,gojek,web_petisi
228,mohon,8.5e-4,30,gojek,web_petisi
229,mundur,0.011228,6,gojek,web_petisi
230,nasib,0.015637,3,gojek,web_petisi
231,nunggu,0.031081,1,gojek,web_petisi
232,ojeg,0.00669,2,gojek,web_petisi
233,ojol,0.048442,1,gojek,web_petisi
234,onehundredandeight,0.011363,6,gojek,web_petisi
235,peduli,0.006275,6,gojek,web_petisi
236,pekerjaan,0.029228,9,gojek,web_petisi
237,pelanggan,0.001899,3,gojek,web_petisi
238,pelayanan,0.115738,8,gojek,web_petisi
239,pengambil,0.001232,28,gojek,web_petisi
240,pengangguran,0.027403,5,gojek,web_petisi
241,pengemudi,0.067294,3,gojek,web_petisi
242,pengganti,0.022653,9,gojek,web_petisi
243,penuh,0.082412,3,gojek,web_petisi
244,penumpangnya,0.018227,0,gojek,web_petisi
245,perasaan,0.026634,8,gojek,web_petisi
246,perubahan,0.029347,6,gojek,web_petisi
247,petisi,0.175118,3,gojek,web_petisi
248,pilih,0.117254,0,gojek,web_petisi
249,platform,0.051962,2,gojek,web_petisi
250,pola,0.001739,13,gojek,web_petisi
251,praktis,0.192079,8,gojek,web_petisi
252,pt,8.5e-4,31,gojek,web_petisi
253,publik,0.111938,0,gojek,web_petisi
254,pulang,0.004815,0,gojek,web_petisi
255,purwokerto,0.232455,4,gojek,web_petisi
256,pwt,0.019914,3,gojek,web_petisi
257,ramah,0.108146,8,gojek,web_petisi
258,rejeki,0.030993,1,gojek,web_petisi
259,relatif,0.02096,8,gojek,web_petisi
260,ribuan,0.015884,10,gojek,web_petisi
261,ridwan,8.5e-4,32,gojek,web_petisi
262,sapi,8.5e-4,33,gojek,web_petisi
263,sedia,0.081809,10,gojek,web_petisi
264,segi,0.013587,8,gojek,web_petisi
265,sejenisnya,0.095989,3,gojek,web_petisi
266,sekolah,0.003653,15,gojek,web_petisi
267,semangat,0.067294,3,gojek,web_petisi
268,simple,0.082554,3,gojek,web_petisi
269,sopan,8.5e-4,34,gojek,web_petisi
270,startup,0.011755,6,gojek,web_petisi
271,terburu,8.5e-4,35,gojek,web_petisi
272,terjangkau,0.122356,8,gojek,web_petisi
273,terminal,0.002687,2,gojek,web_petisi
274,tinggal,0.074579,10,gojek,web_petisi
275,town,0.067294,3,gojek,web_petisi
276,trans,0.051962,2,gojek,web_petisi
277,transportation,0.054067,2,gojek,web_petisi
278,transpotasi,0.02096,8,gojek,web_petisi
279,twenty,8.5e-4,36,gojek,web_petisi
280,uang,0.012862,1,gojek,web_petisi
281,zaman,0.030962,6,gojek,web_petisi
282,ugalan,0.004439,1,gojek,web_petisi
283,barat,0.005217,4,gojek,web_petisi
284,pribadi,0.017473,2,gojek,web_petisi
285,sehat,0.001052,14,gojek,web_petisi
286,raya,0.030575,4,gojek,web_petisi
287,diberhentikan,0.051962,2,gojek,web_petisi
288,bangsa,0.001861,15,gojek,web_petisi
289,istri,0.001861,15,gojek,web_petisi
290,dihapuskan,0.067294,3,gojek,web_petisi
291,akal,0.001222,10,gojek,web_petisi
292,aktivitas,0.019914,3,gojek,web_petisi
293,sembarangan,0.004013,1,gojek,web_petisi
294,diatur,0.005296,10,gojek,web_petisi
295,ngatur,0.005296,10,gojek,web_petisi
296,bandara,0.015112,2,gojek,web_petisi
297,kasih,0.001739,16,gojek,web_petisi
298,manusia,0.001953,0,gojek,web_petisi
299,bst,0.021708,1,gojek,web_petisi
300,dicabut,0.068377,3,gojek,web_petisi
301,merasakan,0.067294,3,gojek,web_petisi
302,uber,0.067294,3,gojek,web_petisi
303,bike,0.005084,3,gojek,web_petisi
304,agung,8.5e-4,17,gojek,web_petisi
305,keluarga,0.002692,9,gojek,web_petisi
306,tutup,0.051962,2,gojek,web_petisi
307,tua,0.015884,10,gojek,web_petisi
308,atur,0.006689,10,gojek,web_petisi
309,mengatur,0.016562,10,gojek,web_petisi
310,tertukar,0.005296,10,gojek,web_petisi
311,satunya,0.010685,2,gojek,web_petisi
312,aspal,8.5e-4,18,gojek,web_petisi
313,positif,0.004529,8,gojek,web_petisi
314,city,0.001361,4,gojek,web_petisi
315,dipikirkan,0.00103,19,gojek,web_petisi
316,apapun,0.06364,0,gojek,web_petisi
317,sehari,0.07164,4,gojek,web_petisi
318,damai,0.026634,8,gojek,web_petisi
319,muda,0.001861,15,gojek,web_petisi
320,bis,0.031081,1,gojek,web_petisi
321,identitas,0.031081,1,gojek,web_petisi
322,supirnya,0.031081,1,gojek,web_petisi
323,layak,0.026816,9,gojek,web_petisi
324,mengacu,0.001336,10,gojek,web_petisi
325,kegiatan,0.028695,3,gojek,web_petisi
326,keseharian,0.028695,3,gojek,web_petisi
327,mahasiswa,0.028695,3,gojek,web_petisi
328,diterapkan,8.5e-4,20,gojek,web_petisi
329,keperluan,0.004664,9,gojek,web_petisi
330,daring,0.010394,2,gojek,web_petisi
331,pesat,0.004109,6,gojek,web_petisi
332,menolong,0.008376,3,gojek,web_petisi
333,mempertimbangkan,0.00103,11,gojek,web_petisi
334,gojeg,0.017395,3,gojek,web_petisi
335,maki,8.5e-4,21,gojek,web_petisi
336,mitra,8.5e-4,22,gojek,web_petisi
337,muatan,0.003918,9,gojek,web_petisi
338,legitimate,8.5e-4,23,gojek,web_petisi
339,banyumas,0.072703,4,gojek,web_petisi
340,illegal,8.5e-4,24,gojek,web_petisi
341,penggunanya,8.5e-4,25,gojek,web_petisi
342,gocar,0.01655,3,gojek,web_petisi
343,penghapusan,0.015118,3,gojek,web_petisi
344,disolo,0.067294,3,gojek,web_petisi
345,grabtaxi,0.067294,3,gojek,web_petisi
346,hadir,0.067294,3,gojek,web_petisi
347,langsung,0.067294,3,gojek,web_petisi
348,satria,0.067294,3,gojek,web_petisi
349,dunia,0.005084,3,gojek,web_petisi
350,mannered,8.5e-4,26,gojek,web_petisi
351,bertransportasi,0.015624,3,gojek,web_petisi
352,kemurahan,0.015624,3,gojek,web_petisi
353,keselamatan,0.008179,8,gojek,web_petisi
354,terikat,0.007016,9,gojek,web_petisi
355,raja,0.009198,0,gojek,web_petisi
356,juara,0.023055,4,gojek,web_petisi
357,hakim,0.001068,4,gojek,web_petisi
358,tembak,0.007687,4,gojek,web_petisi
359,hati,0.00145,5,gojek,web_petisi
360,kehendak,8.5e-4,27,gojek,web_petisi
361,peluang,0.001409,9,gojek,web_petisi
362,syarat,0.001419,4,gojek,web_petisi
363,terbaik,0.025896,0,gojek,web_petisi
364,hp,0.002861,0,gojek,web_petisi
365,mobilisasi,0.019914,3,gojek,web_petisi
366,kemacetan,0.001371,5,gojek,web_petisi
367,jonan,0.001069,28,gojek,web_petisi
368,pintu,8.5e-4,29,gojek,web_petisi
369,mandiri,0.001077,10,gojek,web_petisi
370,cabut,8.5e-4,30,gojek,web_petisi
371,berpergian,0.018914,3,gojek,web_petisi
372,diakses,0.018914,3,gojek,web_petisi
373,pain,0.004013,1,gojek,web_petisi
374,lokal,0.030036,1,gojek,web_petisi
375,mangkal,0.030036,1,gojek,web_petisi
376,onlinenya,0.030036,1,gojek,web_petisi
377,taxol,0.004015,1,gojek,web_petisi
378,berat,0.002006,6,gojek,web_petisi
379,ajh,0.051962,2,gojek,web_petisi
380,kehilangan,0.051962,2,gojek,web_petisi
381,kustomer,0.051962,2,gojek,web_petisi
382,offline,0.115602,2,gojek,web_petisi
383,sediakan,0.051962,2,gojek,web_petisi
384,terbukti,0.051962,2,gojek,web_petisi
385,kaya,0.015884,10,gojek,web_petisi
386,bagus,0.008574,8,gojek,web_petisi
387,buruk,0.008574,8,gojek,web_petisi
388,memuaskan,0.008574,8,gojek,web_petisi
389,berhadapan,0.011266,10,gojek,web_petisi
390,sanggup,0.011266,10,gojek,web_petisi
391,pikir,0.00103,13,gojek,web_petisi
392,koperasi,8.5e-4,31,gojek,web_petisi
393,malam,0.064706,0,gojek,web_petisi
394,kejadian,0.007765,8,gojek,web_petisi
395,halal,0.002755,1,gojek,web_petisi
396,kamil,8.5e-4,32,gojek,web_petisi
397,perah,8.5e-4,33,gojek,web_petisi
398,pergi,0.001304,15,gojek,web_petisi
399,pinggir,0.018753,4,gojek,web_petisi
400,bijak,0.013281,9,gojek,web_petisi
401,real,0.013281,9,gojek,web_petisi
402,santun,8.5e-4,34,gojek,web_petisi
403,antri,0.014025,2,gojek,web_petisi
404,menghambat,0.007852,6,gojek,web_petisi
405,buru,8.5e-4,35,gojek,web_petisi
406,klik,0.005844,10,gojek,web_petisi
407,pencet,0.005844,10,gojek,web_petisi
408,keras,0.002157,6,gojek,web_petisi
409,pikirkan,0.00103,19,gojek,web_petisi
410,diandalkan,0.06364,0,gojek,web_petisi
411,memadai,0.06364,0,gojek,web_petisi
412,ol,0.06364,0,gojek,web_petisi
413,front,0.004331,2,gojek,web_petisi
414,menit,8.5e-4,36,gojek,web_petisi
415,cash,0.001679,1,gojek,web_petisi
416,jabar,0.020122,4,gojek,web_petisi
0,fitur,0.26228,0,gojek,playstore
1,terima,0.105222,3,gojek,playstore
2,versi,0.283155,7,gojek,playstore
3,tolong,0.565162,27,gojek,playstore
4,update,0.734498,7,gojek,playstore
5,aplikasi,0.660447,7,gojek,playstore
6,anak,0.005353,16,gojek,playstore
7,fake,0.126787,5,gojek,playstore
8,driver,1,1,gojek,playstore
9,chat,0.262414,0,gojek,playstore
10,kustomer,0.195904,0,gojek,playstore
11,pakai,0.518356,5,gojek,playstore
12,user,0.093324,0,gojek,playstore
13,habis,0.052767,7,gojek,playstore
14,karya,0.045023,16,gojek,playstore
15,mohon,0.169256,27,gojek,playstore
16,orderan,0.257992,4,gojek,playstore
17,posisi,0.156622,5,gojek,playstore
18,gojek,0.843992,1,gojek,playstore
19,saldo,0.051292,4,gojek,playstore
20,tambahkan,0.05455,0,gojek,playstore
21,harga,0.234911,10,gojek,playstore
22,lokasi,0.177402,37,gojek,playstore
23,tambahin,0.05455,0,gojek,playstore
24,app,0.517977,0,gojek,playstore
25,suka,0.316457,7,gojek,playstore
26,force,0.002641,17,gojek,playstore
27,unable,0.027808,18,gojek,playstore
28,mahal,0.204644,7,gojek,playstore
29,cancel,0.170696,1,gojek,playstore
30,maya,0.347837,2,gojek,playstore
31,titik,0.017006,37,gojek,playstore
32,kasihan,0.080818,1,gojek,playstore
33,life,0.065812,2,gojek,playstore
34,server,0.02667,19,gojek,playstore
35,pesan,0.252037,10,gojek,playstore
36,tarif,0.069849,7,gojek,playstore
37,jam,0.026072,20,gojek,playstore
38,merugikan,0.08098,1,gojek,playstore
39,pt,0.056294,1,gojek,playstore
40,isi,0.031959,4,gojek,playstore
41,koneksi,0.00121,34,gojek,playstore
42,voucher,0.093472,10,gojek,playstore
43,semenjak,0.048312,7,gojek,playstore
44,thirty,0.001724,21,gojek,playstore
45,dear,0.056294,1,gojek,playstore
46,goride,0.024265,10,gojek,playstore
47,performa,0.017485,4,gojek,playstore
48,pick,0.115975,2,gojek,playstore
49,bagus,0.340816,7,gojek,playstore
50,banget,0.472441,7,gojek,playstore
51,cari,0.113248,37,gojek,playstore
52,kasih,0.191897,3,gojek,playstore
53,kode,0.026024,4,gojek,playstore
54,nice,0.049619,1,gojek,playstore
55,previous,0.010163,0,gojek,playstore
56,ride,0.053375,10,gojek,playstore
57,susah,0.32102,37,gojek,playstore
58,akun,0.209592,1,gojek,playstore
59,berkali,0.013206,10,gojek,playstore
60,helpful,0.084683,0,gojek,playstore
61,tetangga,0.049876,7,gojek,playstore
62,aplikasinya,0.154017,7,gojek,playstore
63,auto,8.44e-4,22,gojek,playstore
64,gopay,0.255688,4,gojek,playstore
65,love,0.090985,1,gojek,playstore
66,contact,0.01363,0,gojek,playstore
67,google,0.012377,10,gojek,playstore
68,gps,0.27854,5,gojek,playstore
69,nomor,0.077383,14,gojek,playstore
70,puluh,0.001192,23,gojek,playstore
71,top,0.031959,4,gojek,playstore
72,bantu,0.328327,7,gojek,playstore
73,bayar,0.05593,5,gojek,playstore
74,fiks,0.211815,5,gojek,playstore
75,online,0.07326,10,gojek,playstore
76,salam,8.44e-4,24,gojek,playstore
77,apps,0.152685,1,gojek,playstore
78,beli,0.023039,10,gojek,playstore
79,buru,0,6,gojek,playstore
80,call,0.025494,4,gojek,playstore
81,free,0.012099,10,gojek,playstore
82,gabisa,0.090845,5,gojek,playstore
83,kadang,0.113762,7,gojek,playstore
84,kali,0.196625,10,gojek,playstore
85,menu,0.045188,10,gojek,playstore
86,ojek,0.006453,10,gojek,playstore
87,pesen,0.101108,10,gojek,playstore
88,rating,0.07478,1,gojek,playstore
89,sepuluh,0.001192,23,gojek,playstore
90,uninstall,0.001057,5,gojek,playstore
91,verification,0.001017,25,gojek,playstore
92,buka,0.107502,7,gojek,playstore
93,error,0.397969,7,gojek,playstore
94,install,0.002342,5,gojek,playstore
95,jelek,0.122167,7,gojek,playstore
96,maju,0.056294,1,gojek,playstore
97,makan,0.085298,10,gojek,playstore
98,masuk,0.224897,4,gojek,playstore
99,parah,0.030171,7,gojek,playstore
100,pengguna,0.061224,1,gojek,playstore
101,pilih,0.08003,37,gojek,playstore
102,search,0.0965,10,gojek,playstore
103,seratus,0.001192,23,gojek,playstore
104,sms,0.092678,4,gojek,playstore
105,xiaomi,0.00906,14,gojek,playstore
106,1x,0.003919,20,gojek,playstore
107,biar,0.100364,0,gojek,playstore
108,credit,0.001017,26,gojek,playstore
109,drivernya,0.112712,1,gojek,playstore
110,feature,0.018508,0,gojek,playstore
111,grab,0.044674,7,gojek,playstore
112,internet,0.002817,34,gojek,playstore
113,mitra,0.124904,1,gojek,playstore
114,penumpang,0.06735,1,gojek,playstore
115,rumah,0.008983,10,gojek,playstore
116,semoga,0.065081,27,gojek,playstore
117,sukses,0.056294,1,gojek,playstore
118,tampilan,0.103064,7,gojek,playstore
119,alamat,0.018778,10,gojek,playstore
120,application,0.006403,0,gojek,playstore
121,change,0.024216,2,gojek,playstore
122,ditambah,0.017536,0,gojek,playstore
123,food,0.384593,10,gojek,playstore
124,gofood,0.177962,10,gojek,playstore
125,login,0.124111,5,gojek,playstore
126,makes,0.024216,2,gojek,playstore
127,mencari,0.06735,1,gojek,playstore
128,note,0.068632,1,gojek,playstore
129,plat,0.005799,14,gojek,playstore
130,twentyfour,0.003047,20,gojek,playstore
131,ui,0.053284,7,gojek,playstore
132,updated,0.044853,0,gojek,playstore
133,upload,0.001017,12,gojek,playstore
134,verifikasi,0.039249,4,gojek,playstore
135,adain,0.017536,0,gojek,playstore
136,bagusan,0.018993,7,gojek,playstore
137,berulang,0.013206,10,gojek,playstore
138,drivers,0.011748,1,gojek,playstore
139,easy,0.058151,0,gojek,playstore
140,estimasi,0.001037,37,gojek,playstore
141,ganti,0.005799,14,gojek,playstore
142,gosend,0.013204,10,gojek,playstore
143,irit,0.015298,5,gojek,playstore
144,kecewa,0.195848,7,gojek,playstore
145,kehidupan,8.44e-4,28,gojek,playstore
146,lost,0.024216,2,gojek,playstore
147,map,0.141282,10,gojek,playstore
148,memudahkan,0.184928,1,gojek,playstore
149,orang,0.078593,1,gojek,playstore
150,pas,0.182101,7,gojek,playstore
151,pickup,0.011729,2,gojek,playstore
152,play,0.003088,10,gojek,playstore
153,rate,0.06735,1,gojek,playstore
154,rush,0.001017,29,gojek,playstore
155,sepi,0.017416,4,gojek,playstore
156,tombol,0.01264,1,gojek,playstore
157,bad,0.092118,0,gojek,playstore
158,blue,8.44e-4,30,gojek,playstore
159,cash,0.05593,5,gojek,playstore
160,cent,0,8,gojek,playstore
161,email,0.006048,11,gojek,playstore
162,friendly,0.006689,0,gojek,playstore
163,helps,0.004331,1,gojek,playstore
164,jasa,0.056294,1,gojek,playstore
165,kena,8.44e-4,31,gojek,playstore
166,mudah,0.152582,7,gojek,playstore
167,muncul,0.140567,4,gojek,playstore
168,nama,0.019329,37,gojek,playstore
169,notes,0.06735,1,gojek,playstore
170,pindah,0.049876,7,gojek,playstore
171,putus,0.008538,1,gojek,playstore
172,real,0.006639,2,gojek,playstore
173,salah,0.084319,10,gojek,playstore
174,sesuai,0.14878,7,gojek,playstore
175,setia,0.066109,1,gojek,playstore
176,steam,8.44e-4,32,gojek,playstore
177,telpon,0.072351,11,gojek,playstore
178,terbaru,0.202559,7,gojek,playstore
179,token,0.004547,10,gojek,playstore
180,transportation,0.042267,10,gojek,playstore
181,uang,0.009155,37,gojek,playstore
182,version,0.14695,0,gojek,playstore
183,boros,0.008159,5,gojek,playstore
184,butuh,0.030171,7,gojek,playstore
185,car,0.127886,10,gojek,playstore
186,costumer,0.009116,0,gojek,playstore
187,day,0.024216,2,gojek,playstore
188,diperbaiki,0.109053,27,gojek,playstore
189,diskon,0.017774,4,gojek,playstore
190,disuruh,0.009531,5,gojek,playstore
191,double,0.074326,1,gojek,playstore
192,hidup,0.010266,7,gojek,playstore
193,jalan,0.048111,37,gojek,playstore
194,jenis,0.001724,33,gojek,playstore
195,kenaikan,0.01589,10,gojek,playstore
196,keseringan,0.048312,7,gojek,playstore
197,kirim,0.002138,11,gojek,playstore
198,lancar,0.002075,34,gojek,playstore
199,log,0,9,gojek,playstore
200,maps,0.007984,10,gojek,playstore
201,memakai,0.043684,7,gojek,playstore
202,mending,0.052878,5,gojek,playstore
203,mengatasnamakan,0.056294,1,gojek,playstore
204,notifikasi,0.017011,10,gojek,playstore
205,nunggu,0.070397,20,gojek,playstore
206,ongkir,0.051765,7,gojek,playstore
207,paksa,0.048312,7,gojek,playstore
208,pay,0.138228,4,gojek,playstore
209,peak,0.001017,29,gojek,playstore
210,pelanggan,0.072279,1,gojek,playstore
211,pelayanan,0.079682,1,gojek,playstore
212,perbaiki,0.15794,27,gojek,playstore
213,prefer,0.010163,0,gojek,playstore
214,pulang,8.44e-4,35,gojek,playstore
215,pulsa,0.113769,5,gojek,playstore
216,redmi,0.006506,14,gojek,playstore
217,service,0.129807,0,gojek,playstore
218,stlh,0.048312,7,gojek,playstore
219,tampilannya,0.022279,7,gojek,playstore
220,ten,8.44e-4,36,gojek,playstore
221,terbantu,0.056294,1,gojek,playstore
222,tim,0.057326,1,gojek,playstore
223,time,0.092729,2,gojek,playstore
224,transportasi,0.005577,10,gojek,playstore
225,add,0.001971,0,gojek,playstore
226,amazing,0.03469,0,gojek,playstore
227,ambil,0.017416,4,gojek,playstore
228,awesome,0.010789,1,gojek,playstore
229,balikin,0.018993,7,gojek,playstore
230,barunya,0.04844,7,gojek,playstore
231,beda,0.043684,7,gojek,playstore
232,biaya,0.001926,37,gojek,playstore
233,bintang,0.086943,3,gojek,playstore
234,cheap,0.001017,15,gojek,playstore
235,coba,0.037014,27,gojek,playstore
236,cs,0.064852,11,gojek,playstore
237,delivery,0.026836,10,gojek,playstore
238,enak,0.018993,7,gojek,playstore
239,fast,8.44e-4,38,gojek,playstore
240,foto,0.001724,12,gojek,playstore
241,gara,0,13,gojek,playstore
242,gocar,0.179955,10,gojek,playstore
243,hancur,0.002069,4,gojek,playstore
244,helpfull,0.04866,0,gojek,playstore
245,hp,0.109704,14,gojek,playstore
246,hubungi,0.018631,11,gojek,playstore
247,info,0.06735,1,gojek,playstore
248,jarak,8.44e-4,39,gojek,playstore
249,jas,0.001638,7,gojek,playstore
250,kalah,0.043684,7,gojek,playstore
251,keamanan,0.014085,1,gojek,playstore
252,kelapa,8.44e-4,40,gojek,playstore
253,keluhan,0.06735,1,gojek,playstore
254,ketik,0.002379,10,gojek,playstore
255,langsung,0.144443,4,gojek,playstore
256,layanan,0.082195,10,gojek,playstore
257,lihat,0.013523,10,gojek,playstore
258,live,0.0176,0,gojek,playstore
259,location,0.121967,2,gojek,playstore
260,lot,0.057326,1,gojek,playstore
261,lumayan,0.022279,7,gojek,playstore
262,manajemen,0.056294,1,gojek,playstore
263,mantap,0.056294,1,gojek,playstore
264,mapnya,0.020672,7,gojek,playstore
265,mesen,0.025901,10,gojek,playstore
266,mobile,8.44e-4,41,gojek,playstore
267,ngisi,0.017774,4,gojek,playstore
268,nomer,0.007779,14,gojek,playstore
269,nyusahin,0.06735,1,gojek,playstore
270,ongkos,0.001047,11,gojek,playstore
271,price,0.001724,15,gojek,playstore
272,qr,0.001017,25,gojek,playstore
273,quick,0.001017,42,gojek,playstore
274,review,0.007202,3,gojek,playstore
275,ribet,0.117976,7,gojek,playstore
276,rute,0.005063,37,gojek,playstore
277,saran,0.073831,0,gojek,playstore
278,sd,0.001017,26,gojek,playstore
279,searching,0.06735,1,gojek,playstore
280,send,0.025901,10,gojek,playstore
281,set,0.021345,2,gojek,playstore
282,sistem,0.066949,27,gojek,playstore
283,sistemnya,0.055386,27,gojek,playstore
284,slow,0.001017,42,gojek,playstore
285,stupid,0.03469,0,gojek,playstore
286,suddenly,8.44e-4,43,gojek,playstore
287,sungguh,8.44e-4,44,gojek,playstore
288,suruh,0.048312,7,gojek,playstore
289,telp,0.01363,0,gojek,playstore
290,thankyou,0.056294,1,gojek,playstore
291,tuyul,0.104548,5,gojek,playstore
292,upgrade,0.04088,7,gojek,playstore
293,usefull,0.038578,0,gojek,playstore
294,bangsa,0.001339,16,gojek,playstore
295,penjemputan,0.02536,37,gojek,playstore
296,indonesia,0.090985,1,gojek,playstore
297,close,0.001192,17,gojek,playstore
298,process,0.002662,18,gojek,playstore
299,easier,0.005193,2,gojek,playstore
300,busy,0.00241,19,gojek,playstore
301,sibuk,0.003047,20,gojek,playstore
302,account,0.024216,2,gojek,playstore
303,chatnya,0.061221,0,gojek,playstore
304,menit,0.001017,21,gojek,playstore
305,turun,0.002069,4,gojek,playstore
306,tujuan,0.015059,37,gojek,playstore
307,jemput,0.014738,37,gojek,playstore
308,bantuan,0.01188,27,gojek,playstore
309,sebelah,0.08604,7,gojek,playstore
310,bid,8.44e-4,22,gojek,playstore
311,phone,0.024216,2,gojek,playstore
312,akurat,0.031061,5,gojek,playstore
313,ribu,0.002641,23,gojek,playstore
314,asap,0.013957,5,gojek,playstore
315,aspal,8.44e-4,24,gojek,playstore
316,eror,0.064356,7,gojek,playstore
317,center,0.002504,4,gojek,playstore
318,code,0.001724,25,gojek,playstore
319,dimana,0.06735,1,gojek,playstore
320,mulu,0.074053,7,gojek,playstore
321,ulang,0.009704,5,gojek,playstore
322,akal,0.015635,4,gojek,playstore
323,berguna,0.043684,7,gojek,playstore
324,card,0.001724,26,gojek,playstore
325,terpotong,0.022199,4,gojek,playstore
326,uber,0.003542,7,gojek,playstore
327,connection,0.00121,34,gojek,playstore
328,daily,0.058906,2,gojek,playstore
329,kedepannya,0.004894,27,gojek,playstore
330,dibenerin,0.037014,27,gojek,playstore
331,ramah,0.075318,1,gojek,playstore
332,closed,0.001192,17,gojek,playstore
333,perhatikan,0.048894,27,gojek,playstore
334,ux,0.00414,7,gojek,playstore
335,sampah,0.043684,7,gojek,playstore
336,sameday,0.001683,10,gojek,playstore
337,sehari,8.44e-4,28,gojek,playstore
338,notif,0.092574,4,gojek,playstore
339,maaf,0.01188,27,gojek,playstore
340,tua,0.005624,1,gojek,playstore
341,cek,0.012116,7,gojek,playstore
342,destination,0.034064,2,gojek,playstore
343,hour,0.001724,29,gojek,playstore
344,lemot,0.091996,7,gojek,playstore
345,terbaik,0.043684,7,gojek,playstore
346,doesn,0.03469,0,gojek,playstore
347,bird,8.44e-4,30,gojek,playstore
348,bermasalah,0.06735,1,gojek,playstore
349,jujur,0.06735,1,gojek,playstore
350,suspend,8.44e-4,31,gojek,playstore
351,friends,0.024216,2,gojek,playstore
352,money,0.024216,2,gojek,playstore
353,pop,0.009589,4,gojek,playstore
354,siluman,0.017416,4,gojek,playstore
355,wallet,8.44e-4,32,gojek,playstore
356,listrik,0.001327,10,gojek,playstore
357,tunai,0.001453,37,gojek,playstore
358,bug,0.062269,7,gojek,playstore
359,sekolah,0.001339,16,gojek,playstore
360,cuman,0.022279,7,gojek,playstore
361,masyarakat,0.021196,7,gojek,playstore
362,dicancel,0.06735,1,gojek,playstore
363,berkurang,0.017774,4,gojek,playstore
364,ngaco,0.018381,5,gojek,playstore
365,berubah,0.01589,10,gojek,playstore
366,tertera,0.01589,10,gojek,playstore
367,tol,0.004,37,gojek,playstore
368,kendaraan,0.001017,33,gojek,playstore
369,jaya,0.001053,34,gojek,playstore
370,ditingkatkan,0.01188,27,gojek,playstore
371,pangkalan,0.001289,10,gojek,playstore
372,hujan,0.013008,7,gojek,playstore
373,hilang,0.027177,4,gojek,playstore
374,memuaskan,0.005714,1,gojek,playstore
375,blank,0.017011,10,gojek,playstore
376,kerja,8.44e-4,35,gojek,playstore
377,restaurant,0.007057,10,gojek,playstore
378,detik,8.44e-4,36,gojek,playstore
379,developer,0.004331,1,gojek,playstore
380,tindak,0.037014,27,gojek,playstore
381,refresh,0.001637,1,gojek,playstore
382,terbarunya,0.067305,7,gojek,playstore
383,sebulan,0.001183,20,gojek,playstore
384,berat,0.056474,7,gojek,playstore
385,crash,0.043684,7,gojek,playstore
386,stabil,0.043684,7,gojek,playstore
387,people,0.03469,0,gojek,playstore
388,perjalanan,0.002261,37,gojek,playstore
389,fee,0.002485,10,gojek,playstore
390,tunggu,0.001459,5,gojek,playstore
391,booking,0.0055,1,gojek,playstore
392,cancelled,0.06735,1,gojek,playstore
393,main,0.06735,1,gojek,playstore
394,menerima,0.06735,1,gojek,playstore
395,performance,0.06735,1,gojek,playstore
396,polite,0.06735,1,gojek,playstore
397,sopan,0.06735,1,gojek,playstore
398,simple,0.0047,0,gojek,playstore
399,respons,8.44e-4,38,gojek,playstore
400,stop,0.001192,17,gojek,playstore
401,ktp,0.001017,12,gojek,playstore
402,50k,0.001747,10,gojek,playstore
403,karna,0.056294,1,gojek,playstore
404,keren,0.056294,1,gojek,playstore
405,diupdate,0.004114,7,gojek,playstore
406,murah,0.01589,10,gojek,playstore
407,eleven,0.003047,20,gojek,playstore
408,pagi,0.003047,20,gojek,playstore
409,tempuh,8.44e-4,39,gojek,playstore
410,mobil,0.001017,33,gojek,playstore
411,gading,8.44e-4,40,gojek,playstore
412,care,0.01363,0,gojek,playstore
413,saver,0.005193,2,gojek,playstore
414,permission,0.009869,10,gojek,playstore
415,friend,0.024216,2,gojek,playstore
416,mom,0.024216,2,gojek,playstore
417,data,8.44e-4,41,gojek,playstore
418,ditindaklanjuti,0.01188,27,gojek,playstore
419,fiktif,0.017416,4,gojek,playstore
420,wifi,0.033886,5,gojek,playstore
421,expensive,0.001017,15,gojek,playstore
422,response,0.001724,42,gojek,playstore
423,stars,0.005531,1,gojek,playstore
424,restoran,0.001324,3,gojek,playstore
425,pesanan,0.010191,7,gojek,playstore
426,logged,8.44e-4,43,gojek,playstore
427,mengecewakan,8.44e-4,44,gojek,playstore
428,membingungkan,0.013333,7,gojek,playstore
429,minutes,0.001017,21,gojek,playstore
430,dibantu,0.037014,27,gojek,playstore
431,kembalikan,0.037014,27,gojek,playstore
432,tingkatkan,0.037014,27,gojek,playstore
433,book,0.002662,18,gojek,playstore
434,interface,0.006689,0,gojek,playstore
435,sucks,0.010163,0,gojek,playstore
436,gratis,0.006949,10,gojek,playstore
0,tolak,0.33993,5,change,twitter
1,teluk,0.037621,19,change,twitter
2,paraf,0.045548,5,change,twitter
3,reklamasi,0.30139,19,change,twitter
4,empatpuluh,0.004967,34,change,twitter
5,bali,1,0,change,twitter
6,tanda,0.075616,5,change,twitter
7,alam,0.29212,0,change,twitter
8,undang,0.021284,20,change,twitter
9,tangan,0.028285,5,change,twitter
10,dukung,0.324667,11,change,twitter
11,rakyat,0.178914,0,change,twitter
12,metro,0.024847,7,change,twitter
13,tangani,0.024251,5,change,twitter
14,terima,0.001328,16,change,twitter
15,limasatu,0.003675,7,change,twitter
16,orang,0.14782,2,change,twitter
17,sign,0.021671,38,change,twitter
18,konser,0.117522,22,change,twitter
19,perpres,0.014956,7,change,twitter
20,pro,0.045367,19,change,twitter
21,gubernur,0.08833,0,change,twitter
22,baca,0.00546,5,change,twitter
23,parade,0.024846,11,change,twitter
24,komentar,0.008615,5,change,twitter
25,kawan,0.17981,8,change,twitter
26,joko,0.036262,14,change,twitter
27,warga,0.108461,0,change,twitter
28,sayang,0.129444,19,change,twitter
29,turun,0.054289,11,change,twitter
30,tanjung,0.036072,19,change,twitter
31,pulau,0.142708,0,change,twitter
32,ayo,0.360995,11,change,twitter
33,cinta,0.145959,0,change,twitter
34,padang,0.010015,1,change,twitter
35,republik,0.033814,14,change,twitter
36,penguasa,0.049693,2,change,twitter
37,presiden,0.0501,14,change,twitter
38,dprd,0.092723,0,change,twitter
39,dpr,0.040501,14,change,twitter
40,masyarakat,0.116241,0,change,twitter
41,desa,0.010094,15,change,twitter
42,seksual,0.02017,4,change,twitter
43,anak,0.145805,4,change,twitter
44,superman,0.001018,3,change,twitter
45,benoa,0.129967,19,change,twitter
46,isi,0.065496,5,change,twitter
47,revisi,0.038348,20,change,twitter
48,selamat,0.026046,8,change,twitter
49,hentikan,0.043468,16,change,twitter
50,rusak,0.151102,22,change,twitter
51,bangun,0.10914,0,change,twitter
52,investor,0.116823,2,change,twitter
53,hukum,0.02155,4,change,twitter
54,cabut,0.026592,7,change,twitter
55,predator,0.006917,4,change,twitter
56,peleceh,0.005999,4,change,twitter
57,batalkan,0.050654,7,change,twitter
58,petisi,0.163726,5,change,twitter
59,suara,0.105262,18,change,twitter
60,kompas,0.016608,7,change,twitter
61,kantor,0.015918,0,change,twitter
62,mahkamah,0.005867,20,change,twitter
63,selamatkan,0.221904,0,change,twitter
64,teman,0.157941,8,change,twitter
65,setya,0.005764,14,change,twitter
66,pantai,0.108184,1,change,twitter
67,tanah,0.127658,2,change,twitter
68,lap,0.010272,8,change,twitter
69,anjing,0.016409,16,change,twitter
70,makan,0.005566,26,change,twitter
71,komisi,0.010166,14,change,twitter
72,vi,0.006851,14,change,twitter
73,art,0.004705,6,change,twitter
74,judicial,0.005908,20,change,twitter
75,valentino,0.003045,43,change,twitter
76,butuh,0.108495,19,change,twitter
77,pemerkosa,0.004919,4,change,twitter
78,izin,0.008489,7,change,twitter
79,jam,0.04176,8,change,twitter
80,save,0.079949,0,change,twitter
81,ketua,0.016852,14,change,twitter
82,penggak,0.005414,8,change,twitter
83,tolong,0.105828,16,change,twitter
84,kepala,0.004892,5,change,twitter
85,twentyone,0.004657,22,change,twitter
86,peduli,0.11325,0,change,twitter
87,supir,0.002087,9,change,twitter
88,cek,0.001547,10,change,twitter
89,tv,0.11131,7,change,twitter
90,lepas,0.006199,11,change,twitter
91,parkir,0.010211,8,change,twitter
92,daging,0.004663,16,change,twitter
93,lengser,0.020197,11,change,twitter
94,mari,0.242681,11,change,twitter
95,paksa,0.020641,11,change,twitter
96,ami,0.001018,12,change,twitter
97,lingkungan,0.108526,0,change,twitter
98,menandatangani,0.015288,5,change,twitter
99,rencana,0.052952,19,change,twitter
100,harga,0.002311,13,change,twitter
101,hati,0.00322,34,change,twitter
102,indonesia,0.3459,14,change,twitter
103,transtv,0.005077,16,change,twitter
104,jrx,0.001518,8,change,twitter
105,wakil,0.022601,0,change,twitter
106,junjungan,0.016656,15,change,twitter
107,jokowi,0.014535,14,change,twitter
108,musisi,0.079949,0,change,twitter
109,pilkada,0.04586,20,change,twitter
110,anggota,0.006052,14,change,twitter
111,bantu,0.233051,16,change,twitter
112,pakai,0.005379,34,change,twitter
113,net,0.01049,7,change,twitter
114,seberat,0.016816,4,change,twitter
115,iwan,0.001018,17,change,twitter
116,penolakan,0.03409,19,change,twitter
117,twentythree,0.005374,20,change,twitter
118,ruu,0.043553,20,change,twitter
119,alasan,0.053398,11,change,twitter
120,download,0.007591,18,change,twitter
121,subsidi,0.0816,26,change,twitter
122,berjuang,0.17655,8,change,twitter
123,rapatkan,0.001296,18,change,twitter
124,svara,0.014456,22,change,twitter
125,aksi,0.185839,11,change,twitter
126,melawan,0.163535,2,change,twitter
127,love,0.079949,0,change,twitter
128,mesin,0.002911,0,change,twitter
129,mangku,0.081317,0,change,twitter
130,diredam,0.025661,0,change,twitter
131,keindahan,0.104468,0,change,twitter
132,revitalisasi,0.006799,19,change,twitter
133,semangat,0.120471,8,change,twitter
134,sukses,0.013585,0,change,twitter
135,tandatangan,0.015288,5,change,twitter
136,kuhap,0.009595,20,change,twitter
137,pelemahan,0.006407,20,change,twitter
138,penyiaran,0.04622,7,change,twitter
139,berkedok,0.026526,19,change,twitter
140,kuhp,0.004893,20,change,twitter
141,main,0.010932,22,change,twitter
142,tan,0.002337,39,change,twitter
143,bumi,0.029482,22,change,twitter
144,stop,0.05209,16,change,twitter
145,ganti,0.001305,34,change,twitter
146,kepalkan,0.003741,5,change,twitter
147,satukan,0.01041,18,change,twitter
148,semoga,0.13252,0,change,twitter
149,kpk,0.0031580000000000002,20,change,twitter
150,proyek,0.026501,19,change,twitter
151,rock,0.002087,21,change,twitter
152,sri,0.005076,16,change,twitter
153,timur,0.013659,8,change,twitter
154,biarkan,0.104468,0,change,twitter
155,perdagangan,0.007502,16,change,twitter
156,remove,0.002593,43,change,twitter
157,ilegalkan,0.007544,16,change,twitter
158,juli,0.015099,22,change,twitter
159,kabut,0.001018,23,change,twitter
160,pengusaha,0.011379,2,change,twitter
161,beli,0.004074,34,change,twitter
162,lady,0.001018,24,change,twitter
163,pasar,0.001966,22,change,twitter
164,sultan,0.013603,16,change,twitter
165,usut,0.002338,28,change,twitter
166,baliho,0.107624,22,change,twitter
167,besok,0.055882,8,change,twitter
168,kekejaman,0.007044,16,change,twitter
169,konsumsi,0.03417,16,change,twitter
170,lokasi,0.010932,22,change,twitter
171,menjaga,0.104468,0,change,twitter
172,registered,0.001018,25,change,twitter
173,twentysix,0.004503,22,change,twitter
174,gerakan,0.122267,11,change,twitter
175,jakarta,0.109053,0,change,twitter
176,malam,0.028868,8,change,twitter
177,nasi,0.010629,26,change,twitter
178,obral,0.012643,2,change,twitter
179,petani,0.008459,26,change,twitter
180,sk,0.028627,19,change,twitter
181,budaya,0.108766,11,change,twitter
182,kekerasan,0.00419,4,change,twitter
183,lakukan,0.029636,20,change,twitter
184,pecat,0.002582,14,change,twitter
185,polda,0.079949,0,change,twitter
186,istana,0.001018,27,change,twitter
187,lapangan,0.009954,8,change,twitter
188,mafia,0.00713,2,change,twitter
189,pemilihan,0.029401,5,change,twitter
190,salim,0.002338,28,change,twitter
191,silakan,0.003654,2,change,twitter
192,tunggu,0.024314,22,change,twitter
193,jaga,0.123557,0,change,twitter
194,provinsi,0.079949,0,change,twitter
195,rolling,0.001241,29,change,twitter
196,walhi,0.079949,0,change,twitter
197,hak,0.018367,0,change,twitter
198,kelestarian,0.024519,0,change,twitter
199,perusak,0.024519,0,change,twitter
200,daerah,0.009614,5,change,twitter
201,tik,0.002087,30,change,twitter
202,bakar,0.002419,11,change,twitter
203,bambang,0.002087,31,change,twitter
204,bau,0.002704,2,change,twitter
205,jual,0.093442,2,change,twitter
206,lawan,0.146216,2,change,twitter
207,sosial,0.002814,19,change,twitter
208,sunset,0.011284,2,change,twitter
209,susilo,0.001241,31,change,twitter
210,temu,0.005903,14,change,twitter
211,tim,0.002087,45,change,twitter
212,media,0.001292,19,change,twitter
213,jusuf,0.001018,46,change,twitter
214,keputusan,0.001292,2,change,twitter
215,keren,0.003304,0,change,twitter
216,berdiri,0.029349,5,change,twitter
217,cfd,0.001018,47,change,twitter
218,daftar,0.005843,7,change,twitter
219,dki,0.016618,0,change,twitter
220,lagu,0.08674,18,change,twitter
221,mersi,0.003904,8,change,twitter
222,nasional,0.013985,7,change,twitter
223,pembakar,0.003008,36,change,twitter
224,sawah,0.094662,0,change,twitter
225,sebarkan,0.063352,11,change,twitter
226,tinggal,0.079949,0,change,twitter
227,dibayar,0.012293,22,change,twitter
228,dog,0.001241,44,change,twitter
229,ospek,0.006642,16,change,twitter
230,pariwisata,0.079949,0,change,twitter
231,suswono,0.006975,16,change,twitter
232,hadir,0.015844,11,change,twitter
233,ngurug,0.001342,2,change,twitter
234,rossi,0.007143,43,change,twitter
235,share,0.040719,38,change,twitter
236,stasiun,0.01049,7,change,twitter
237,tluk,0.011095,19,change,twitter
238,dampak,0.024976,19,change,twitter
239,kawasan,0.001568,14,change,twitter
240,kurikulum,0.001018,48,change,twitter
241,lingkar,0.001576,6,change,twitter
242,lupa,0.005461,8,change,twitter
243,masuk,0.01049,7,change,twitter
244,niti,0.003636,8,change,twitter
245,pemuda,0.079949,0,change,twitter
246,penalty,0.002629,43,change,twitter
247,petition,0.009693,38,change,twitter
248,tarik,0.006223,20,change,twitter
249,tepi,0.008041,0,change,twitter
250,aspirasi,0.014717,0,change,twitter
251,berkas,0.002437,7,change,twitter
252,bring,0.002795,43,change,twitter
253,cent,0,32,change,twitter
254,jalan,0.092455,11,change,twitter
255,mandala,0.007378,8,change,twitter
256,matpel,0.001241,30,change,twitter
257,menteri,0.002311,41,change,twitter
258,merah,0.001018,49,change,twitter
259,mike,0.002589,43,change,twitter
260,perjuangan,0.149124,0,change,twitter
261,walikota,0.001266,50,change,twitter
262,wiji,0.001018,51,change,twitter
263,yogyakarta,0.025039,16,change,twitter
264,buka,0.008349,34,change,twitter
265,copyright,0,33,change,twitter
266,dengarkan,0.009114,18,change,twitter
267,hb,0.003948,16,change,twitter
268,konspirasi,0.007062,2,change,twitter
269,kumpul,0.007672,8,change,twitter
270,ngurah,0.001018,52,change,twitter
271,race,0.002339,43,change,twitter
272,sila,0.007172,34,change,twitter
273,stone,0.002087,29,change,twitter
274,tagar,0.003257,34,change,twitter
275,ajukan,0.00364,20,change,twitter
276,balebengong,0.044425,34,change,twitter
277,mohon,0.023576,16,change,twitter
278,pesisir,0.125652,0,change,twitter
279,renon,0.058584,8,change,twitter
280,seribu,0.012955,0,change,twitter
281,sompie,0.004853,5,change,twitter
282,uang,0,35,change,twitter
283,adat,0.092471,15,change,twitter
284,bangka,0.012955,0,change,twitter
285,berisiko,0.003655,22,change,twitter
286,bupati,0.009154,5,change,twitter
287,dengar,0.016705,18,change,twitter
288,hapus,0.003106,16,change,twitter
289,hutan,0.005831,36,change,twitter
290,internet,0.028512,14,change,twitter
291,muda,0.095874,4,change,twitter
292,pagi,0.03786,8,change,twitter
293,salam,0.001018,53,change,twitter
294,tanggal,0.001589,22,change,twitter
295,update,0.017226000000000002,38,change,twitter
296,bukti,0.035909,22,change,twitter
297,diskusi,0.002337,39,change,twitter
298,fault,0.001018,54,change,twitter
299,marzuki,0.001018,55,change,twitter
300,mdc,0.009486,20,change,twitter
301,mendiknas,0.001835,16,change,twitter
302,nuh,0.008006,16,change,twitter
303,onehundred,0.084397,0,change,twitter
304,pabrik,0.001018,56,change,twitter
305,partai,0.001018,57,change,twitter
306,review,0.003319,20,change,twitter
307,saudara,0.079949,0,change,twitter
308,siti,0.001018,58,change,twitter
309,syarat,0.002383,16,change,twitter
310,happy,0.001018,59,change,twitter
311,intrusive,0.002635,16,change,twitter
312,kebakaran,0.001957,36,change,twitter
313,konstitusi,0.03017,20,change,twitter
314,lapak,0.004071,34,change,twitter
315,mega,0.005694,19,change,twitter
316,praktik,0.006363,16,change,twitter
317,tambang,0.039847,5,change,twitter
318,tegak,0.004185,5,change,twitter
319,tri,0.002311,65,change,twitter
320,umat,0.001018,60,change,twitter
321,akal,0.005699,16,change,twitter
322,berjalan,0.001018,61,change,twitter
323,hatta,0.001018,62,change,twitter
324,ir,0.003925,14,change,twitter
325,konservasi,0.004301,14,change,twitter
326,kpi,0.001458,7,change,twitter
327,manusia,0.027073,0,change,twitter
328,membatalkan,0.034345,7,change,twitter
329,merobek,0.009352,22,change,twitter
330,sepak,0.003151,14,change,twitter
331,utm,0.005636,38,change,twitter
332,NA,0,37,change,twitter
333,absensi,0.003269,14,change,twitter
334,barat,0.005653,8,change,twitter
335,demo,0.154489,11,change,twitter
336,grup,0.001241,21,change,twitter
337,isis,0.029666,14,change,twitter
338,nonton,0.049032,7,change,twitter
339,raya,0.007073,8,change,twitter
340,source,0.006265,38,change,twitter
341,worldwide,0.002087,63,change,twitter
342,buku,0.002536,39,change,twitter
343,director,0.002563,43,change,twitter
344,eva,0.002087,64,change,twitter
345,generasi,0.008088,4,change,twitter
346,jatuh,0.011748,0,change,twitter
347,lanjutkan,0.011979,0,change,twitter
348,mata,0.008165,34,change,twitter
349,membuka,0.002168,34,change,twitter
350,pelecehan,0.003135,4,change,twitter
351,ramai,0.029002,11,change,twitter
352,singal,0.029399,5,change,twitter
353,tuan,0.006777,0,change,twitter
354,ubah,0.002622,7,change,twitter
355,acara,0.014695,0,change,twitter
356,angusbalinese,0.001241,45,change,twitter
357,bergerak,0.169396,11,change,twitter
358,bersatu,0.019308,0,change,twitter
359,cari,0.010041,16,change,twitter
360,cintai,0.024519,0,change,twitter
361,gabung,0.044846,11,change,twitter
362,galungan,0.002976,8,change,twitter
363,hidup,0.088731,0,change,twitter
364,hita,0.002311,65,change,twitter
365,karna,0.079949,0,change,twitter
366,kasih,0.003227,16,change,twitter
367,kominfo,0.004708,7,change,twitter
368,liburan,0.079949,0,change,twitter
369,memasang,0.009352,22,change,twitter
370,menjual,0.079949,0,change,twitter
371,menurunkan,0.010427,22,change,twitter
372,nak,0.079949,0,change,twitter
373,nama,0.006365,14,change,twitter
374,temukan,0.002799,16,change,twitter
375,thirteen,0.001018,66,change,twitter
376,tonton,0.003322,7,change,twitter
377,dirikan,0.009352,22,change,twitter
378,hujani,0.030602,11,change,twitter
379,lihat,0.094092,4,change,twitter
380,motogp,0.001268,43,change,twitter
381,pemberantasan,0.001018,67,change,twitter
382,penyerahan,0.015288,5,change,twitter
383,pt,0.002087,68,change,twitter
384,reclamation,0.011095,19,change,twitter
385,sms,0.001018,69,change,twitter
386,akun,0.005339,11,change,twitter
387,amah,0.001018,70,change,twitter
388,anies,0.001018,71,change,twitter
389,dimusuhi,0.007131,22,change,twitter
390,gedung,0.008188,0,change,twitter
391,jawa,0.004265,8,change,twitter
392,keadilan,0.010269,19,change,twitter
393,kemenangan,0.024519,0,change,twitter
394,layangan,0.001018,72,change,twitter
395,mengisi,0.015288,5,change,twitter
396,ogoh,0,40,change,twitter
397,pecinta,0.024519,0,change,twitter
398,pelaku,0.001018,73,change,twitter
399,pemberani,0.009796,14,change,twitter
400,sby,0.085251,14,change,twitter
401,semesta,0.037056,0,change,twitter
402,suwung,0.001018,74,change,twitter
403,tangkap,0.029666,14,change,twitter
404,teriak,0.027975,5,change,twitter
405,twitter,0.004279,38,change,twitter
406,urungkan,0.001018,75,change,twitter
407,band,0.002087,76,change,twitter
408,bangkit,0.013381,2,change,twitter
409,dewi,0.009225,11,change,twitter
410,donald,0.001018,77,change,twitter
411,free,0.002087,78,change,twitter
412,herry,0.001018,79,change,twitter
413,hukuman,0.001266,13,change,twitter
414,kerakusan,0.005771,2,change,twitter
415,medium,0.003401,38,change,twitter
416,memakai,0.002209,34,change,twitter
417,mencintai,0.024519,0,change,twitter
418,menyanyikan,0.007591,18,change,twitter
419,minggu,0.001589,22,change,twitter
420,pembunuhan,0.002561,28,change,twitter
421,pendidikan,0.002311,41,change,twitter
422,penjarakan,0.001018,80,change,twitter
423,people,0.001018,81,change,twitter
424,perusakan,0.009352,22,change,twitter
425,saksi,0.001018,82,change,twitter
426,sia,0,42,change,twitter
427,simak,0.001547,10,change,twitter
428,webb,0.002591,43,change,twitter
429,aduh,0.001018,83,change,twitter
430,air,0.014794,2,change,twitter
431,ajeg,0.079949,0,change,twitter
432,baju,0.006147,34,change,twitter
433,berencana,0.002561,28,change,twitter
434,betonisasi,0.001018,84,change,twitter
435,bukit,0.003693,34,change,twitter
436,eliminasi,0.002696,16,change,twitter
437,jumat,0.012365,22,change,twitter
438,kebun,0.001266,50,change,twitter
439,komnas,0.001018,85,change,twitter
440,liputan,0.024059,7,change,twitter
441,meat,0.002087,44,change,twitter
442,ngamen,0.001018,86,change,twitter
443,nyanyian,0.001926,8,change,twitter
444,pembuat,0.015288,5,change,twitter
445,penghinaan,0.006563,16,change,twitter
446,perlawanan,0.005771,2,change,twitter
447,rare,0.001018,87,change,twitter
448,segelintir,0.012152,2,change,twitter
449,shark,0.006642,16,change,twitter
450,ulang,0.014854,8,change,twitter
451,akibat,0.024976,19,change,twitter
452,asli,0.079949,0,change,twitter
453,bersepeda,0.001518,8,change,twitter
454,bobbyalcoholic,0.004967,34,change,twitter
455,bola,0.029666,14,change,twitter
456,buang,0.001018,88,change,twitter
457,buwung,0.015624,34,change,twitter
458,car,0.001241,78,change,twitter
459,facebook,0.00158,38,change,twitter
460,forum,0.014717,0,change,twitter
461,izinkanlah,0.001268,39,change,twitter
462,kekayaan,0.024519,0,change,twitter
463,keras,0.052952,5,change,twitter
464,keseimbangan,0.024519,0,change,twitter
465,kesiman,0.017054,8,change,twitter
466,klik,0.001018,89,change,twitter
467,lestarikan,0.024519,0,change,twitter
468,membela,0.011284,2,change,twitter
469,mencatut,0.00156,14,change,twitter
470,pemerintah,0.031256,14,change,twitter
471,puisi,0.003524,22,change,twitter
472,salah,0.081317,0,change,twitter
473,sehat,0.041329,16,change,twitter
474,stage,0.007014,8,change,twitter
475,stt,0.006323,34,change,twitter
476,tabrak,0.001018,90,change,twitter
477,telok,0.011095,19,change,twitter
478,teriakkan,0.004085,8,change,twitter
479,teruskan,0.011979,0,change,twitter
480,ubud,0.082262,15,change,twitter
481,warisan,0.009002,11,change,twitter
482,wib,0.020017,8,change,twitter
483,aparat,0.001806,22,change,twitter
484,bahas,0.024976,19,change,twitter
485,bangsa,0.013793,4,change,twitter
486,bebaskan,0.001241,64,change,twitter
487,berorasi,0.015844,11,change,twitter
488,binatang,0.002311,50,change,twitter
489,bus,0.016947,11,change,twitter
490,coba,0.001796,5,change,twitter
491,diunduh,0.008658,18,change,twitter
492,dukungan,0.014115,16,change,twitter
493,idul,0.001018,91,change,twitter
494,inter,0.001018,92,change,twitter
495,jaksa,0.001301,20,change,twitter
496,join,0.001241,63,change,twitter
497,kongser,0.004032,8,change,twitter
498,kota,0.001018,93,change,twitter
499,matur,0.001018,94,change,twitter
500,miss,0.001018,95,change,twitter
501,nolak,0.024976,19,change,twitter
502,nusa,0.001018,96,change,twitter
503,penghapusan,0.001425,4,change,twitter
504,penjualan,0.001018,97,change,twitter
505,perempuan,0.012703,4,change,twitter
506,perusahaan,0.001343,36,change,twitter
507,peserta,0.012244,11,change,twitter
508,piala,0.001018,98,change,twitter
509,pilpres,0.001018,99,change,twitter
510,rudy,0.001018,100,change,twitter
511,sid,0.003823,8,change,twitter
512,teroris,0.003151,14,change,twitter
513,terumbu,0.001018,101,change,twitter
514,trans,0.01049,7,change,twitter
515,bjad,0.001383,7,change,twitter
516,mini,0.012019,22,change,twitter
517,widodo,0.003925,14,change,twitter
518,menang,0.024519,0,change,twitter
519,galak,0.00174,1,change,twitter
520,rakus,0.02984,2,change,twitter
521,cucu,0.012703,4,change,twitter
522,dead,0.001018,3,change,twitter
523,penayangan,0.005077,16,change,twitter
524,indah,0.11634,0,change,twitter
525,novanto,0.001529,14,change,twitter
526,berperang,0.079949,0,change,twitter
527,event,0.001576,6,change,twitter
528,sale,0.079949,0,change,twitter
529,siang,0.010671,8,change,twitter
530,truk,0.001241,9,change,twitter
531,timeline,0.003945,10,change,twitter
532,award,0.001018,12,change,twitter
533,kelahiran,0.011284,2,change,twitter
534,mati,0.002311,13,change,twitter
535,nurani,0.001358,34,change,twitter
536,dibohongi,0.027975,5,change,twitter
537,dewata,0.011872,0,change,twitter
538,selatan,0.079949,0,change,twitter
539,jk,0.002744,14,change,twitter
540,langsung,0.006642,20,change,twitter
541,kejalan,0.005095,11,change,twitter
542,rapat,0.029002,11,change,twitter
543,fals,0.001018,17,change,twitter
544,limabelas,0.001654,20,change,twitter
545,negeri,0.012703,4,change,twitter
546,barisan,0.002855,18,change,twitter
547,damai,0.015844,11,change,twitter
548,pastika,0.006777,0,change,twitter
549,tenggelam,0.091676,0,change,twitter
550,asing,0.02194,2,change,twitter
551,online,0.015288,5,change,twitter
552,malaka,0.001268,39,change,twitter
553,pertiwi,0.003524,22,change,twitter
554,avatar,0.002726,34,change,twitter
555,milik,0.079949,0,change,twitter
556,dijual,0.079949,0,change,twitter
557,sore,0.009019,8,change,twitter
558,terbaik,0.001241,21,change,twitter
559,anarki,0.011284,2,change,twitter
560,penuh,0.025423,11,change,twitter
561,twothousandandthirteen,0.002503,22,change,twitter
562,asap,0.001018,23,change,twitter
563,kaos,0.012036,34,change,twitter
564,rose,0.001018,24,change,twitter
565,tuntas,0.001268,28,change,twitter
566,dirusak,0.0893,22,change,twitter
567,trademark,0.001018,25,change,twitter
568,negara,0.001018,27,change,twitter
569,kancil,0.001268,28,change,twitter
570,kiri,0.003741,5,change,twitter
571,rumah,0.081317,0,change,twitter
572,ramaikan,0.029002,11,change,twitter
573,tercinta,0.079949,0,change,twitter
574,kkpi,0.001241,30,change,twitter
575,yudhoyono,0.001241,31,change,twitter
576,gowes,0.001241,45,change,twitter
577,kalla,0.001018,46,change,twitter
578,banget,0.001334,0,change,twitter
579,leluhur,0.011284,2,change,twitter
580,dago,0.001018,47,change,twitter
581,lestari,0.079949,0,change,twitter
582,tulis,0.025423,11,change,twitter
583,realitas,0.00334,7,change,twitter
584,mos,0.001583,16,change,twitter
585,direklamasi,0.091044,19,change,twitter
586,laut,0.003379,2,change,twitter
587,bjac,0.001018,48,change,twitter
588,truck,0.001241,9,change,twitter
589,integrit,0.001306,43,change,twitter
590,tol,0.008155,11,change,twitter
591,putih,0.001018,49,change,twitter
592,surabaya,0.002311,50,change,twitter
593,thukul,0.001018,51,change,twitter
594,bergabung,0.019089,11,change,twitter
595,rai,0.001018,52,change,twitter
596,cafe,0.001241,29,change,twitter
597,jurnalis,0.001361,34,change,twitter
598,pura,0.001962,0,change,twitter
599,kelan,0.00778,15,change,twitter
600,asri,0.079949,0,change,twitter
601,sulut,0.001962,0,change,twitter
602,lahan,0.001957,36,change,twitter
603,jari,0.001018,53,change,twitter
604,government,0.001018,54,change,twitter
605,alie,0.001018,55,change,twitter
606,semen,0.001018,56,change,twitter
607,politik,0.001018,57,change,twitter
608,nurbaya,0.001018,58,change,twitter
609,kelulusan,0.001271,16,change,twitter
610,birthday,0.001018,59,change,twitter
611,advertising,0.001286,16,change,twitter
612,wita,0.005495,8,change,twitter
613,petisinya,0.012701,5,change,twitter
614,menantang,0.001374,5,change,twitter
615,rismaharini,0.001266,65,change,twitter
616,islam,0.001018,60,change,twitter
617,lancar,0.001018,61,change,twitter
618,rajasa,0.001018,62,change,twitter
619,mangrove,0.001957,36,change,twitter
620,dikhianati,0.001568,14,change,twitter
621,bayaran,0.012152,2,change,twitter
622,ajak,0.029002,11,change,twitter
623,seratusribu,0.001266,13,change,twitter
624,agung,0.002706,20,change,twitter
625,nyepi,0.001926,8,change,twitter
626,airlines,0.001241,63,change,twitter
627,bande,0.001241,64,change,twitter
628,bantuan,0.002999,16,change,twitter
629,kuningan,0.00133,8,change,twitter
630,karana,0.001266,65,change,twitter
631,suarakan,0.099038,11,change,twitter
632,ayah,0.001292,16,change,twitter
633,september,0.001018,66,change,twitter
634,pks,0.027975,5,change,twitter
635,kampanye,0.001821,38,change,twitter
636,hancur,0.079949,0,change,twitter
637,doa,0.019061,16,change,twitter
638,video,0.007813,4,change,twitter
639,korupsi,0.001018,67,change,twitter
640,kontra,0.004448,19,change,twitter
641,mmp,0.001241,68,change,twitter
642,tuhan,0.01133,0,change,twitter
643,blast,0.001018,69,change,twitter
644,palsu,0.0016,11,change,twitter
645,leak,0.001018,70,change,twitter
646,baswedan,0.001018,71,change,twitter
647,sebar,0.019061,16,change,twitter
648,sriwedari,0.008155,11,change,twitter
649,mengudara,0.001018,72,change,twitter
650,kejahatan,0.001018,73,change,twitter
651,berkat,0.003831,0,change,twitter
652,kauh,0.001018,74,change,twitter
653,sitok,0.003151,14,change,twitter
654,bohong,0.027975,5,change,twitter
655,pembangunan,0.027975,5,change,twitter
656,twothousandandtwo,0.001654,20,change,twitter
657,niat,0.001018,75,change,twitter
658,hashtag,0.0016,11,change,twitter
659,40zo3nomad,0.004967,34,change,twitter
660,pendukung,0.001241,76,change,twitter
661,madri,0.001719,11,change,twitter
662,trump,0.001018,77,change,twitter
663,day,0.001241,78,change,twitter
664,sucahya,0.001018,79,change,twitter
665,post,0.008888,0,change,twitter
666,maaf,0.002999,16,change,twitter
667,kebudayaan,0.001266,41,change,twitter
668,ahok,0.001018,80,change,twitter
669,power,0.001018,81,change,twitter
670,tps,0.001018,82,change,twitter
671,berita,0.001018,83,change,twitter
672,nyata,0.015844,11,change,twitter
673,solidaritas,0.015844,11,change,twitter
674,ciliwung,0.001018,84,change,twitter
675,ham,0.001018,85,change,twitter
676,trade,0.001241,44,change,twitter
677,donasi,0.001018,86,change,twitter
678,twbi,0.001241,68,change,twitter
679,serangan,0.011872,0,change,twitter
680,kual,0.001018,87,change,twitter
681,fin,0.001583,16,change,twitter
682,kelahirannya,0.011284,2,change,twitter
683,bodohi,0.027975,5,change,twitter
684,bagus,0.079949,0,change,twitter
685,bermain,0.001241,76,change,twitter
686,sampah,0.001018,88,change,twitter
687,link,0.001018,89,change,twitter
688,pelajaran,0.002168,34,change,twitter
689,kuta,0.008945,1,change,twitter
690,satunya,0.006777,0,change,twitter
691,lantang,0.009114,18,change,twitter
692,lari,0.001018,90,change,twitter
693,murka,0.024519,0,change,twitter
694,kultwit,0.001796,5,change,twitter
695,jogja,0.079949,0,change,twitter
696,pelaut,0.002055,4,change,twitter
697,kopaja,0.002275,11,change,twitter
698,gratis,0.001674,18,change,twitter
699,gambut,0.001957,36,change,twitter
700,fitri,0.001018,91,change,twitter
701,tabac,0.001018,92,change,twitter
702,bekasi,0.001018,93,change,twitter
703,suksma,0.001018,94,change,twitter
704,kesehatan,0.001266,41,change,twitter
705,world,0.001018,95,change,twitter
706,penida,0.001018,96,change,twitter
707,serakah,0.005771,2,change,twitter
708,produk,0.001018,97,change,twitter
709,dunia,0.001018,98,change,twitter
710,twothousandandfourteen,0.001018,99,change,twitter
711,soik,0.001018,100,change,twitter
712,karang,0.001018,101,change,twitter
0,ojek,0.359963,0,gojek,twitter
1,driver,1,13,gojek,twitter
2,anak,0.008311,51,gojek,twitter
3,transportasi,0.106313,0,gojek,twitter
4,tarif,0.510328,1,gojek,twitter
5,terima,0.101823,39,gojek,twitter
6,karya,0.004441,51,gojek,twitter
7,taksi,0.087281,0,gojek,twitter
8,kasihan,0.11162,13,gojek,twitter
9,supir,0.046906,19,gojek,twitter
10,gojek,0.799579,1,gojek,twitter
11,toilet,0.080612,1,gojek,twitter
12,undang,0.001347,42,gojek,twitter
13,angkutan,0.033949,0,gojek,twitter
14,dukung,0.213616,0,gojek,twitter
15,online,0.33824,0,gojek,twitter
16,cari,0.125704,7,gojek,twitter
17,orang,0.022664,34,gojek,twitter
18,star,0.003673,4,gojek,twitter
19,teman,0.097415,13,gojek,twitter
20,nasib,0.097415,13,gojek,twitter
21,onethousandsixhundred,0.271787,1,gojek,twitter
22,pakai,0.122464,9,gojek,twitter
23,payung,0.002808,52,gojek,twitter
24,puluh,0.010598,43,gojek,twitter
25,rp,0.046907,1,gojek,twitter
26,tolong,0.023379,39,gojek,twitter
27,trending,0.021888,2,gojek,twitter
28,ambil,0.054151,33,gojek,twitter
29,berkibar,0.036213,2,gojek,twitter
30,gara,0.050447,1,gojek,twitter
31,pt,0.07786,1,gojek,twitter
32,sapi,0.001347,53,gojek,twitter
33,tolak,0.016261,34,gojek,twitter
34,twothousand,0.165994,1,gojek,twitter
35,disuruh,0.005313,9,gojek,twitter
36,error,0.180138,1,gojek,twitter
37,grab,0.189008,13,gojek,twitter
38,hati,0.101609,13,gojek,twitter
39,indonesia,0.130024,2,gojek,twitter
40,jonan,0.003264,4,gojek,twitter
41,kawan,0,3,gojek,twitter
42,masuk,0.156663,33,gojek,twitter
43,mohon,0.115322,13,gojek,twitter
44,pengguna,0.197412,1,gojek,twitter
45,save,0.079759,1,gojek,twitter
46,setia,0.099083,1,gojek,twitter
47,system,0.041849,1,gojek,twitter
48,tukang,0.052391,0,gojek,twitter
49,wars,0.004025,4,gojek,twitter
50,aksi,0.001347,5,gojek,twitter
51,aturan,0.08999,1,gojek,twitter
52,aye,0.020503,0,gojek,twitter
53,berbasis,0.045891,0,gojek,twitter
54,berjiwa,0.003257,20,gojek,twitter
55,blue,0.001347,6,gojek,twitter
56,diturunin,0.124073,13,gojek,twitter
57,karna,0.050447,1,gojek,twitter
58,kembalikan,0.050447,1,gojek,twitter
59,mahal,0.122925,1,gojek,twitter
60,masyarakat,0.03568,39,gojek,twitter
61,menyiksa,0.147862,13,gojek,twitter
62,merugikan,0.097415,13,gojek,twitter
63,metromini,0.008038,19,gojek,twitter
64,pelanggan,0.010195,1,gojek,twitter
65,penurunan,0.050447,1,gojek,twitter
66,sabar,0.175275,13,gojek,twitter
67,sepenuh,0.010598,13,gojek,twitter
68,susah,0.188376,7,gojek,twitter
69,uang,0.034928,7,gojek,twitter
70,argo,0.124073,13,gojek,twitter
71,banget,0.141844,1,gojek,twitter
72,bantu,0.221943,39,gojek,twitter
73,basa,0.001347,8,gojek,twitter
74,bayar,0.035015,9,gojek,twitter
75,bensin,0.003199,22,gojek,twitter
76,berhenti,0.006039,34,gojek,twitter
77,bersaing,0.00453,34,gojek,twitter
78,butuh,0.214063,10,gojek,twitter
79,demo,0.250278,13,gojek,twitter
80,dilarang,0.16864,0,gojek,twitter
81,drivernya,0.102304,13,gojek,twitter
82,drpd,0.035093,1,gojek,twitter
83,harga,0.210368,1,gojek,twitter
84,inovasi,0.003014,51,gojek,twitter
85,jaket,0.001347,11,gojek,twitter
86,kadishub,0.004552,0,gojek,twitter
87,kantor,0.106394,34,gojek,twitter
88,kasih,0.022127,39,gojek,twitter
89,kebahagiaan,0.007012,12,gojek,twitter
90,kekuatan,0.001789,16,gojek,twitter
91,kena,0.099452,13,gojek,twitter
92,kustomer,0.147862,1,gojek,twitter
93,lapangan,0.005695,34,gojek,twitter
94,maaf,0.186685,13,gojek,twitter
95,manusia,0,14,gojek,twitter
96,mengalahkan,0.003199,16,gojek,twitter
97,mitra,0.177864,13,gojek,twitter
98,murah,0.269037,1,gojek,twitter
99,narik,0.06099,1,gojek,twitter
100,parkir,0.022052,1,gojek,twitter
101,pas,0.208209,7,gojek,twitter
102,pendapatan,0.097415,13,gojek,twitter
103,performa,0.175934,13,gojek,twitter
104,perubahan,0.00635,34,gojek,twitter
105,perusahaan,0.001795,20,gojek,twitter
106,pesen,0.035485,0,gojek,twitter
107,pintu,0.005368,12,gojek,twitter
108,potongan,0.177864,13,gojek,twitter
109,rekan,0.097415,13,gojek,twitter
110,semoga,0.004083,12,gojek,twitter
111,seratus,0.010598,43,gojek,twitter
112,sisi,0.097415,13,gojek,twitter
113,takut,0.010657,34,gojek,twitter
114,tanda,0.001731,15,gojek,twitter
115,tangani,0.002808,15,gojek,twitter
116,terbantu,0.07786,1,gojek,twitter
117,terbesar,0.003199,16,gojek,twitter
118,tinggalkanlah,0.001789,27,gojek,twitter
119,untung,0.07786,1,gojek,twitter
120,admin,0.147862,13,gojek,twitter
121,ajak,0.001347,17,gojek,twitter
122,alat,0.011942,0,gojek,twitter
123,aman,0.001347,18,gojek,twitter
124,aneh,0.07786,1,gojek,twitter
125,angkot,0.043404,19,gojek,twitter
126,aplikasi,0.003257,20,gojek,twitter
127,auto,0.010168,13,gojek,twitter
128,bawa,0.001347,21,gojek,twitter
129,berani,0.00453,34,gojek,twitter
130,biar,0.102322,39,gojek,twitter
131,dibutuhkan,0.004907,39,gojek,twitter
132,dihargai,0.026658,1,gojek,twitter
133,drama,0.07786,1,gojek,twitter
134,fasilitas,0.011377,34,gojek,twitter
135,gagal,0.027007,1,gojek,twitter
136,gaji,0.097415,13,gojek,twitter
137,gelar,0.003662,19,gojek,twitter
138,gopay,0.016135,9,gojek,twitter
139,gra,0.097415,13,gojek,twitter
140,habis,0.003199,22,gojek,twitter
141,harap,0.001347,23,gojek,twitter
142,hargain,0.026658,1,gojek,twitter
143,inbox,0.003199,44,gojek,twitter
144,isi,0.001789,22,gojek,twitter
145,izin,0.07786,1,gojek,twitter
146,jalan,0.102002,13,gojek,twitter
147,jamil,0.003199,44,gojek,twitter
148,jerih,0.001347,24,gojek,twitter
149,kaya,0.07786,1,gojek,twitter
150,kebijakan,0.050447,1,gojek,twitter
151,kejelasan,0.001731,52,gojek,twitter
152,kerja,0.009076,34,gojek,twitter
153,kesenangan,0.003199,27,gojek,twitter
154,kisah,0.001347,25,gojek,twitter
155,kylo,0.001347,26,gojek,twitter
156,langsung,0.015904,33,gojek,twitter
157,larangan,0.035485,0,gojek,twitter
158,macet,0.012111,13,gojek,twitter
159,main,0.012622,1,gojek,twitter
160,malas,0.104122,13,gojek,twitter
161,manusiawi,0.147862,1,gojek,twitter
162,memperbarui,0.006349,34,gojek,twitter
163,mencari,0.005563,7,gojek,twitter
164,mending,0.00189,10,gojek,twitter
165,menghalangi,0.003199,27,gojek,twitter
166,menghormati,0.0046,34,gojek,twitter
167,menhub,0.001795,4,gojek,twitter
168,menurunkan,0.050447,1,gojek,twitter
169,mobile,0.003589,20,gojek,twitter
170,motor,0.015347,9,gojek,twitter
171,nadiem,0.001347,28,gojek,twitter
172,naikin,0.050447,1,gojek,twitter
173,negeri,0.001347,29,gojek,twitter
174,netizen,0.001347,30,gojek,twitter
175,nunggu,0.001347,31,gojek,twitter
176,nyawa,0.097415,13,gojek,twitter
177,odong,0,32,gojek,twitter
178,ojol,0.116225,13,gojek,twitter
179,ongkos,0.026244,1,gojek,twitter
180,orderan,0.023691,33,gojek,twitter
181,pakelah,0.07786,1,gojek,twitter
182,parah,0.014205,1,gojek,twitter
183,pekerjaan,0.008229,34,gojek,twitter
184,perang,0.050447,1,gojek,twitter
185,persaingan,0.001347,35,gojek,twitter
186,pesan,0.004719,10,gojek,twitter
187,pilih,0,36,gojek,twitter
188,plat,0.001347,37,gojek,twitter
189,potongannya,0.001347,38,gojek,twitter
190,pra,0.097415,13,gojek,twitter
191,presiden,0.005845,39,gojek,twitter
192,produk,0.001347,40,gojek,twitter
193,prok,0,41,gojek,twitter
194,putus,0.017216,13,gojek,twitter
195,resiko,0.010655,13,gojek,twitter
196,revisi,0.001347,42,gojek,twitter
197,ribu,0.101609,43,gojek,twitter
198,saipul,0.001789,44,gojek,twitter
199,salut,0.097415,13,gojek,twitter
200,semena,0.001347,45,gojek,twitter
201,siluman,0.017148,13,gojek,twitter
202,slogan,0.001966,51,gojek,twitter
203,suara,0.002397,1,gojek,twitter
204,tagar,0.030166,39,gojek,twitter
205,taxi,0.040161,19,gojek,twitter
206,telat,0.001731,46,gojek,twitter
207,ten,0.007958,4,gojek,twitter
208,tenaga,0.003104,34,gojek,twitter
209,terminal,0.001347,47,gojek,twitter
210,titik,0.001731,46,gojek,twitter
211,tujuan,0.001347,48,gojek,twitter
212,turun,0.26672,1,gojek,twitter
213,tutup,0.001347,49,gojek,twitter
214,twothousandandfifteen,0.00589,1,gojek,twitter
215,uber,0.134725,13,gojek,twitter
216,zona,0.001347,50,gojek,twitter
217,bangsa,0.003014,51,gojek,twitter
218,pangkalan,0.035485,0,gojek,twitter
219,hukum,0.001731,52,gojek,twitter
220,istri,0.003014,51,gojek,twitter
221,twitter,0.008531,2,gojek,twitter
222,perah,0.001347,53,gojek,twitter
223,konvensional,0.009734,0,gojek,twitter
224,nafkah,0.015088,7,gojek,twitter
225,wit,0.013597,2,gojek,twitter
226,akal,0.015904,33,gojek,twitter
227,beroperasi,0.128715,0,gojek,twitter
228,damai,0.001347,5,gojek,twitter
229,sosial,0.001795,20,gojek,twitter
230,bird,0.001347,6,gojek,twitter
231,rezeki,0.015088,7,gojek,twitter
232,turunin,0.097415,13,gojek,twitter
233,memilih,0.004907,39,gojek,twitter
234,batam,0.03556,0,gojek,twitter
235,basi,0.001347,8,gojek,twitter
236,belajar,0.002118,34,gojek,twitter
237,sehat,0.001954,34,gojek,twitter
238,makan,0.022456,10,gojek,twitter
239,bid,0.099452,13,gojek,twitter
240,cancel,0.097415,13,gojek,twitter
241,ngambek,0.097415,13,gojek,twitter
242,maju,0.07786,1,gojek,twitter
243,seindah,0.07786,1,gojek,twitter
244,nurani,0.010598,13,gojek,twitter
245,helm,0.001347,11,gojek,twitter
246,pos,0.011377,34,gojek,twitter
247,bintang,0.004408,39,gojek,twitter
248,solusi,0.004408,39,gojek,twitter
249,tertutup,0.002661,12,gojek,twitter
250,tipu,0.010168,13,gojek,twitter
251,stress,0.001789,16,gojek,twitter
252,ol,0.035485,0,gojek,twitter
253,twenty,0.017216,13,gojek,twitter
254,petisi,0.001731,15,gojek,twitter
255,wajar,0.050447,1,gojek,twitter
256,massal,0.011942,0,gojek,twitter
257,topik,0.003899,2,gojek,twitter
258,ngobrol,0.001347,17,gojek,twitter
259,nyaman,0.001347,18,gojek,twitter
260,sd,0.003014,51,gojek,twitter
261,mogok,0.005479,19,gojek,twitter
262,rakyat,0.011012,1,gojek,twitter
263,pulang,0.001347,21,gojek,twitter
264,cash,0.008286,9,gojek,twitter
265,keberanian,0.001954,34,gojek,twitter
266,kali,0.024445,13,gojek,twitter
267,menteri,0.016906,0,gojek,twitter
268,rugi,0.097415,13,gojek,twitter
269,salah,0.097415,13,gojek,twitter
270,sejahtera,0.097415,13,gojek,twitter
271,bonus,0.003658,1,gojek,twitter
272,blok,0.001826,19,gojek,twitter
273,balikpapan,0.07786,1,gojek,twitter
274,dicabut,0.07786,1,gojek,twitter
275,penyelamat,0.07786,1,gojek,twitter
276,tetangga,0.07786,1,gojek,twitter
277,pikir,0.001789,22,gojek,twitter
278,maklum,0.001347,23,gojek,twitter
279,ciledug,0.001789,44,gojek,twitter
280,payah,0.001347,24,gojek,twitter
281,tip,0.004408,39,gojek,twitter
282,bahagia,0.002661,12,gojek,twitter
283,dibayar,0.003104,34,gojek,twitter
284,keras,0.003104,34,gojek,twitter
285,pilu,0.001347,25,gojek,twitter
286,ren,0.001347,26,gojek,twitter
287,macetan,0.002484,13,gojek,twitter
288,pencapaian,0.001789,27,gojek,twitter
289,rusak,0.002882,9,gojek,twitter
290,pelayanan,0.026244,1,gojek,twitter
291,makarim,0.001347,28,gojek,twitter
292,penuh,0.001347,29,gojek,twitter
293,protes,0.001347,30,gojek,twitter
294,jam,0.001347,31,gojek,twitter
295,lokal,0.035485,0,gojek,twitter
296,rumah,0.014242,12,gojek,twitter
297,taxol,0.012209,13,gojek,twitter
298,bandung,0.033949,0,gojek,twitter
299,miskin,0.0046,34,gojek,twitter
300,food,0.003704,33,gojek,twitter
301,atribut,0.013854,9,gojek,twitter
302,jasa,0.013854,9,gojek,twitter
303,promo,0.013854,9,gojek,twitter
304,smp,0.020193,7,gojek,twitter
305,sesuai,0.002592,34,gojek,twitter
306,bisnis,0.001347,35,gojek,twitter
307,kuning,0.001347,37,gojek,twitter
308,gede,0.001347,38,gojek,twitter
309,jokowi,0.002094,39,gojek,twitter
310,impor,0.001347,40,gojek,twitter
311,fourthousand,0.00589,1,gojek,twitter
312,kamar,0.008396,1,gojek,twitter
313,mena,0.001347,45,gojek,twitter
314,berkah,0.001913,12,gojek,twitter
315,kilo,0.052619,4,gojek,twitter
316,normal,0.050447,1,gojek,twitter
317,jemput,0.002808,46,gojek,twitter
318,purabaya,0.001347,47,gojek,twitter
319,ditindak,0.003406,39,gojek,twitter
320,kemana,0.001347,48,gojek,twitter
321,mata,0.001347,49,gojek,twitter
322,halal,0.004607,7,gojek,twitter
323,merah,0.001347,50,gojek,twitter
